subjectID	Prevotella_0	Sutterella_0	Faecalibacterium_0	Bifidobacterium_0	Campylobacter_0	GGB4266_0	Collinsella_0	GGB1247_0	Streptococcus_0	Bacteroides_0	Dorea_0	Clostridium_0	Blautia_0	Gemmiger_0	Escherichia_0	Parabacteroides_0	Flavonifractor_0	Lacrimispora_0	Megamonas_0	Veillonella_0	Bilophila_0	Allisonella_0	Olsenella_0	Phocaeicola_0	Limosilactobacillus_0	Holdemanella_0	Mediterraneibacter_0	Agathobaculum_0	Erysipelatoclostridium_0	Enterobacter_0	Slackia_0	Haemophilus_0	Lactobacillus_0	Intestinibacter_0	Klebsiella_0	Rothia_0	Senegalimassilia_0	Roseburia_0	Ligilactobacillus_0	Duodenibacillus_0	GGB4106_0	Megasphaera_0	Anaerobutyricum_0	Eggerthella_0	Fusobacterium_0	Methylobacterium_0	Actinomyces_0	Dialister_0	Morganella_0	Clostridioides_0	Prevotella_52	GGB2734_52	Sutterella_52	Faecalibacterium_52	Bifidobacterium_52	Campylobacter_52	GGB4266_52	GGB1630_52	Collinsella_52	GGB1243_52	GGB1247_52	GGB6565_52	Streptococcus_52	Oscillibacter_52	GGB1495_52	Butyricimonas_52	Odoribacter_52	Bacteroides_52	Vescimonas_52	Dorea_52	Clostridium_52	Blautia_52	GGB3256_52	Parolsenella_52	Gemmiger_52	GGB1631_52	Escherichia_52	Parabacteroides_52	Flavonifractor_52	Lacrimispora_52	Ruminococcus_52	Megamonas_52	GGB1380_52	GGB3746_52	Veillonella_52	Bilophila_52	Helicobacter_52	Allisonella_52	Catenibacterium_52	Olsenella_52	Dysosmobacter_52	GGB1239_52	Eubacteriales_unclassified_52	GGB9616_52	GGB9061_52	Phocaeicola_52	Coprococcus_52	Limosilactobacillus_52	Holdemanella_52	Lachnospiraceae_unclassified_52	Mediterraneibacter_52	Clostridiaceae_unclassified_52	GGB9699_52	GGB4774_52	GGB13404_52	GGB9423_52	GGB33928_52	Eubacteriaceae_unclassified_52	Eubacteriales_Family_XIII_Incertae_Sedis_unclassified_52	Agathobaculum_52	GGB9642_52	Erysipelatoclostridium_52	GGB9707_52	Slackia_52	GGB3118_52	GGB9614_52	Oscillospiraceae_unclassified_52	Rothia_52	Senegalimassilia_52	Roseburia_52	Ligilactobacillus_52	Duodenibacillus_52	GGB4106_52	Megasphaera_52	Anaerobutyricum_52	Desulfovibrio_52	Anaerotignum_52	GGB79734_52	Anaerostipes_52	Lachnospira_52	Candidatus_Saccharibacteria_unclassified_52	Dialister_52	Mitsuokella_52	GGB3828_52	Fusicatenibacter_52	GGB3730_52	GGB12972_52	GGB18559_52	Acidaminococcus_52	GGB51647_52	Alistipes_52	GGB1148_52	Prevotellamassilia_52	Rheinheimera_52	GGB33085_52	GGB3859_52	GGB1146_52	GGB1266_52	GGB1246_52	GGB9759_52	GGB80011_52	GGB1093_52	GGB12503_52	Butyricicoccus_52	GGB4979_52
LCC1001	A	A	A	A	A	A	A	A	A	A	A	A	A	A	Z	A	A	A	A	C	A	A	A	A	A	A	A	A	A	A	A	R	A	A	A	A	A	A	A	A	A	A	A	A	A	A	A	A	A	A	S	A	B	C	A	A	A	A	A	A	A	A	A	C	A	A	E	A	A	E	D	A	E	A	B	A	A	C	A	A	A	A	A	A	A	F	A	A	A	A	C	A	B	E	A	A	P	A	A	D	B	A	C	A	H	C	C	A	A	B	C	A	A	A	A	D	B	A	A	C	B	A	A	A	B	B	A	A	A	A	A	H	B	A	D	A	A	A	A	A	G	C	A	D	A	A	A	A	A	A	E	A	A	A	A
LCC1002	G	A	C	G	A	A	A	A	A	C	A	A	A	A	F	B	C	A	B	A	A	A	A	C	C	A	A	A	B	A	A	A	A	A	B	B	A	B	A	A	A	A	L	A	A	A	A	A	D	M	N	A	B	E	A	A	O	A	A	A	A	A	A	C	D	B	A	A	G	F	E	E	E	A	B	A	A	C	B	L	A	B	A	A	A	D	E	F	A	A	A	A	A	A	G	A	D	A	A	C	B	A	A	B	F	Z	D	E	G	A	A	A	A	A	A	A	A	A	E	A	A	A	A	A	A	A	A	B	B	A	A	A	A	A	A	A	A	X	A	A	E	A	A	A	D	A	Z	A	A	A	A	A	A	A	A
LCC1003	H	B	A	L	A	C	I	A	A	C	A	A	A	A	A	A	C	A	A	A	A	A	E	B	A	A	A	C	A	A	A	A	B	B	A	A	A	A	A	A	A	C	A	A	A	A	A	A	A	A	C	A	B	C	B	C	N	U	A	F	F	A	A	I	E	Z	A	A	C	O	Q	D	A	A	B	Q	A	B	A	D	A	B	C	A	A	T	B	H	A	A	M	B	K	C	A	A	F	A	G	A	A	K	C	E	N	L	G	K	Z	C	Z	A	B	A	H	Z	L	B	I	D	A	B	A	A	C	B	A	A	A	A	A	A	A	C	D	A	A	A	A	K	B	A	A	A	B	A	C	E	C	X	A	Z	A	A	F
LCC1004	A	A	A	J	D	A	A	A	D	A	A	A	A	A	C	A	A	A	A	A	A	A	A	A	F	A	A	A	A	A	A	A	O	A	A	L	A	A	E	A	T	A	A	A	A	A	A	A	A	A	A	A	D	X	E	B	A	A	G	A	A	A	A	A	A	A	A	E	A	D	M	N	A	A	A	A	A	K	K	Q	A	I	A	Z	A	A	A	B	A	A	A	A	D	A	A	T	A	A	A	A	B	A	A	A	A	A	A	A	A	A	A	O	A	Z	A	A	A	A	Z	A	A	A	A	J	M	A	A	A	E	A	A	D	A	A	A	A	A	A	A	A	A	A	A	A	A	A	A	A	A	A	A	A	A	A	A
LCC1005	A	A	A	K	A	A	A	A	A	F	A	B	A	A	A	A	L	A	A	B	Z	A	A	G	F	A	H	A	A	A	A	A	A	N	A	A	A	A	A	A	A	A	A	E	A	A	A	A	B	K	J	D	A	C	A	A	L	U	A	B	L	A	A	F	D	A	A	A	P	K	H	E	A	A	A	B	A	A	B	I	B	A	B	A	A	C	A	B	X	A	A	A	A	B	A	A	C	A	B	Z	A	A	A	C	A	A	L	A	A	B	E	A	B	B	A	B	A	C	M	E	A	A	A	A	C	F	A	B	A	A	A	A	A	J	C	A	A	J	A	A	A	A	A	G	B	A	A	A	A	C	F	A	E	A	B
LCC1006	L	E	A	I	A	E	A	A	A	A	A	A	B	A	B	A	B	D	D	A	A	B	A	A	A	K	A	A	A	A	A	A	A	A	A	A	A	A	A	A	D	A	A	A	A	A	A	A	A	A	P	A	A	D	A	G	J	A	A	A	C	A	A	A	A	A	A	A	B	E	C	A	H	A	A	A	A	A	A	A	A	B	A	A	A	A	A	C	A	A	A	A	C	A	A	A	A	A	A	A	A	A	A	A	A	A	A	A	A	A	A	A	A	A	A	C	A	A	A	A	A	A	A	A	L	A	A	A	C	A	D	A	A	D	A	A	A	A	A	A	A	A	Z	A	J	A	A	A	C	A	A	A	B	G	A
LCC1007	A	A	A	F	A	A	A	A	A	E	A	C	A	A	D	E	A	A	A	G	L	A	G	P	B	A	A	A	C	A	A	A	A	A	A	A	A	A	A	A	A	B	A	E	B	D	A	A	A	A	P	A	A	C	A	A	G	D	A	G	G	C	A	B	C	A	B	A	F	A	M	E	A	A	A	A	A	A	A	B	B	A	B	C	A	A	A	A	B	A	E	H	B	A	A	A	T	A	A	E	A	B	A	A	B	C	C	B	C	A	C	A	B	A	M	B	B	A	A	C	A	A	A	A	B	H	A	E	A	F	A	A	A	E	B	A	A	A	A	B	A	A	A	B	A	A	A	A	B	C	B	E	A	B	A
LCC1008	A	A	B	U	A	A	A	A	A	A	A	A	A	A	A	H	A	A	A	A	A	A	A	A	A	A	D	A	V	A	A	A	A	A	A	E	A	A	A	A	A	A	A	G	A	E	A	A	A	A	S	A	B	G	A	A	D	A	A	A	A	A	A	A	F	A	B	A	A	I	B	C	A	A	A	A	C	A	A	F	A	C	A	A	A	A	A	B	A	A	A	A	C	A	A	A	D	A	A	A	A	A	A	A	A	A	A	A	A	A	A	A	A	A	B	A	A	A	A	A	A	A	A	A	B	G	A	A	A	D	A	A	A	B	B	A	A	A	A	A	A	A	A	A	A	A	K	A	A	A	A	A	A	O	A
LCC1009	K	A	A	I	A	A	I	A	A	A	A	A	A	A	A	A	A	A	A	D	A	O	D	A	C	A	A	A	A	C	A	A	H	A	A	H	A	A	B	J	C	A	A	A	A	A	A	A	A	A	I	A	O	B	E	E	L	A	E	A	J	A	A	A	C	A	A	A	B	K	B	I	A	A	A	A	A	A	A	H	A	A	J	A	A	A	C	I	A	I	A	A	F	A	A	A	A	B	A	A	A	A	A	A	A	A	A	A	A	A	B	A	A	B	A	A	A	C	C	A	O	R	C	A	A	A	A	A	A	A	A	A	A	A	A	A	A	A	A	A	A	A	A	A	A	A	B	G	A	A	A	A	A	A	A
LCC1010	N	F	A	G	C	A	B	A	A	A	B	A	A	A	A	A	A	D	I	B	A	A	A	A	A	A	A	A	A	A	A	A	A	A	B	A	A	A	A	A	A	G	A	A	A	A	A	A	A	A	J	A	C	B	D	A	E	A	C	Z	A	C	A	B	B	C	A	A	A	C	A	D	A	A	K	H	A	A	A	B	A	A	A	B	A	C	A	B	A	B	T	A	E	E	B	A	A	A	A	A	A	C	A	A	Z	A	D	A	E	A	C	A	E	A	A	D	H	A	A	A	A	A	A	A	A	D	A	A	A	A	A	A	A	A	A	A	A	A	A	C	B	A	A	A	I	A	B	F	J	A	A	A	C	A	F
LCC1011	C	Q	A	H	C	D	J	A	B	A	E	J	B	A	A	C	C	K	A	A	A	J	L	A	A	A	A	E	A	A	A	B	A	A	A	B	F	A	B	A	A	A	A	A	A	A	A	A	A	A	E	B	A	A	A	A	C	C	B	A	A	B	A	B	A	B	B	A	L	F	G	A	A	A	A	A	A	B	A	A	A	A	B	A	A	A	A	A	C	A	E	A	D	A	A	A	B	A	F	F	D	B	A	A	S	D	A	A	G	A	E	A	R	A	A	C	H	A	A	A	A	A	B	A	C	A	Z	F	A	A	A	A	A	A	A	A	A	P	A	A	A	B	A	A	A	A	C	B	A	F	A	S	E	A	A
LCC1012	A	A	N	A	A	A	A	A	A	D	B	B	E	A	A	A	D	E	I	A	A	J	A	P	A	A	A	A	I	B	A	A	A	A	Z	A	A	A	A	A	A	D	A	A	A	A	A	A	A	A	A	A	B	H	B	A	A	A	A	A	A	A	A	A	A	A	D	Y	A	A	C	A	A	A	A	A	A	Z	Z	A	A	A	A	A	A	F	A	A	A	A	D	A	Z	A	A	H	A	A	A	A	K	C	Z	A	A	A	A	A	C	A	A	V	A	A	A	A	A	A	A	A	A	A	A	A	A	A	H	A	A	A	A	A	A	A	A	A	A	A	A	A	F	A	A	A	A	A	A	A	A	A	A	A	A	A	A
LCC1014	O	B	E	C	A	A	B	M	A	C	F	B	D	K	A	A	B	G	D	A	C	C	D	E	A	A	A	B	C	A	A	A	A	A	A	A	A	B	A	A	A	C	A	C	A	A	A	A	A	A	G	C	A	F	A	A	A	A	A	A	A	F	A	B	A	D	H	B	G	J	C	D	A	A	G	A	A	C	B	B	A	A	A	A	A	D	A	A	W	A	J	A	G	B	C	B	H	A	H	C	F	E	J	B	B	G	C	A	E	B	L	A	C	A	J	D	F	B	C	A	A	A	A	A	C	B	H	A	B	A	A	A	A	A	G	A	A	A	A	A	P	A	I	E	A	A	B	A	A	J	A	A	P	A	A
LCC1015	A	A	A	O	A	A	A	A	F	A	A	A	A	A	A	A	A	A	A	A	A	A	A	A	F	A	A	A	A	B	A	A	F	A	A	G	A	A	H	A	A	A	A	A	A	A	A	A	A	A	K	A	D	H	F	A	I	A	B	A	A	H	A	A	A	A	D	A	F	F	E	C	U	Z	O	A	A	A	D	B	B	A	A	A	C	B	A	A	F	A	A	A	D	V	A	B	A	A	C	A	A	A	A	A	A	A	A	A	A	D	A	A	A	E	A	F	A	G	W	A	A	D	A	B	D	A	A	A	A	A	A	A	A	A	A	A	A	A	A	A	A	M	A	A	A	A	A	A	A	A	A	A	A	A	A
LCC1016	I	B	A	I	A	A	A	A	B	C	A	A	A	A	D	A	A	A	B	A	A	A	A	A	C	A	A	A	A	A	A	A	A	A	A	P	A	A	C	A	A	A	A	A	A	H	A	A	A	A	Y	A	C	A	B	A	A	A	A	A	A	A	A	A	A	A	A	A	F	B	A	C	A	A	B	A	A	C	E	E	A	J	A	H	B	A	A	A	A	A	A	A	A	A	A	A	A	A	A	A	A	A	A	A	A	A	A	A	A	A	A	A	A	B	A	A	A	A	A	A	A	A	D	G	D	A	A	A	A	A	A	A	A	A	A	A	A	A	A	B	A	A	A	A	A	A	A	A	A	A	A	A	A	A	A
LCC1017	N	A	A	C	C	A	A	A	A	A	E	C	F	B	A	A	A	E	D	A	A	A	A	A	A	A	A	A	A	A	A	A	A	A	A	A	H	B	B	A	C	H	E	A	A	A	A	A	A	A	R	A	A	E	A	B	G	A	A	A	A	E	A	A	A	A	A	A	A	D	D	A	A	A	A	A	A	A	A	E	A	A	A	A	A	A	A	B	A	B	A	A	C	A	A	A	A	A	A	A	A	A	A	B	A	A	A	A	A	B	A	A	A	A	A	F	A	B	A	B	A	A	C	A	C	A	A	A	I	J	A	A	A	E	A	A	A	A	A	A	C	A	P	A	A	A	A	A	A	A	A	A	A	A	A
LCC1018	G	A	A	F	A	C	K	A	A	D	C	A	B	A	A	A	A	E	B	B	G	O	D	A	A	A	A	C	A	A	A	C	A	A	A	A	A	A	A	J	A	M	A	A	B	A	A	H	A	A	V	A	A	B	C	A	B	C	B	A	A	A	A	A	C	A	A	B	B	B	A	A	A	B	A	A	A	B	B	E	A	A	A	A	A	A	A	E	A	A	A	A	C	B	A	A	D	A	D	A	B	A	A	A	A	A	A	A	B	A	A	A	A	A	A	A	A	A	A	A	B	C	A	G	A	A	B	A	A	A	A	A	A	B	A	D	A	A	A	B	A	A	H	A	A	A	A	E	A	A	A	F	A	A	A
LCC1019	Q	A	A	B	A	A	A	A	A	A	B	A	C	B	B	A	A	C	G	A	A	D	A	A	A	A	A	A	A	A	J	A	A	A	C	A	A	A	D	A	A	I	A	A	A	A	A	E	A	A	T	A	A	B	A	D	H	A	A	A	C	A	A	A	A	A	A	A	B	C	B	B	A	B	A	A	A	A	A	B	A	A	A	A	D	A	A	C	C	A	A	A	B	A	A	A	A	A	B	A	A	A	A	A	A	A	A	A	A	A	A	A	A	A	A	A	A	A	A	C	B	A	A	D	A	A	A	A	A	A	A	A	C	A	A	A	C	A	A	A	A	A	A	A	B	E	A	A	A	A	E	A	A	A	A
LCC1020	A	A	A	K	A	A	C	A	A	I	A	H	E	A	E	A	A	A	A	C	A	A	A	C	A	A	D	A	B	A	A	A	A	A	A	A	A	A	A	A	A	A	A	K	A	A	A	A	A	A	K	B	A	C	A	A	D	B	A	A	G	C	A	D	D	A	A	A	A	D	N	B	A	A	A	B	A	A	A	A	D	A	A	A	A	A	A	A	A	A	I	A	B	I	C	A	C	A	A	A	A	A	A	G	E	G	E	A	D	B	F	A	Z	A	J	B	V	A	E	A	A	A	A	A	B	C	A	D	A	A	A	A	A	B	A	E	C	C	A	A	A	B	A	A	A	C	A	B	A	B	A	A	A	A	A
LCC1021	O	N	F	B	A	Y	A	I	A	A	A	A	A	A	D	A	A	A	A	A	A	Z	A	A	A	A	A	A	A	A	A	A	A	A	A	A	A	A	A	J	A	A	A	A	S	A	A	A	A	A	K	A	F	A	I	A	L	B	D	A	B	A	A	A	A	A	A	A	A	B	B	B	A	A	A	K	A	A	A	F	A	A	A	A	B	A	B	C	A	H	A	A	A	A	A	A	A	A	A	A	A	A	A	A	A	A	A	A	A	A	A	A	A	A	A	A	A	A	C	A	B	A	B	A	A	A	A	A	A	A	A	A	A	A	A	A	A	A	A	A	A	A	A	A	A	A	A	A	A	A	A	A	J	A	Q
LCC1022	J	B	A	F	A	A	A	A	A	A	B	A	B	A	A	B	A	A	A	A	A	A	K	A	A	A	A	A	A	B	A	A	A	A	A	A	B	A	A	S	A	T	A	A	A	B	A	Q	A	A	S	H	A	F	A	A	C	B	A	E	A	B	A	A	A	A	A	A	A	C	K	A	A	A	A	D	A	A	A	A	A	A	A	A	A	A	A	A	A	A	A	C	A	D	A	A	E	A	B	C	A	A	A	A	A	A	A	A	A	D	B	A	A	A	A	B	A	A	A	A	A	A	A	A	A	A	A	A	A	H	A	A	A	A	F	A	A	B	A	A	A	A	A	A	A	H	A	A	A	A	A	C	C	A	G
LCC1023	G	A	A	K	A	A	D	C	A	A	B	A	B	A	A	A	A	A	C	A	C	F	B	B	C	A	A	A	A	A	P	A	A	A	A	A	D	A	A	A	A	Q	A	C	A	A	A	N	A	A	P	A	B	H	I	A	A	A	B	A	A	A	A	C	A	A	A	A	A	H	D	R	A	A	H	A	A	B	A	A	A	A	A	C	A	B	A	B	B	A	A	A	B	F	B	A	B	A	E	A	A	A	A	A	A	A	A	A	A	D	A	A	A	A	A	A	A	A	D	I	C	A	A	C	E	A	A	A	A	A	A	S	A	B	H	Z	A	A	A	A	A	A	A	A	A	A	A	A	A	D	A	A	A	A	A
LCC1024	J	H	A	G	A	A	E	A	A	F	A	A	A	A	A	A	A	A	A	D	A	I	F	A	D	A	A	A	A	A	A	A	H	G	A	A	A	A	A	A	A	A	A	C	A	A	A	A	A	A	J	B	A	C	A	F	I	Z	A	A	G	B	A	A	E	A	A	A	A	E	C	C	B	A	A	A	A	A	A	F	A	A	B	A	A	A	A	C	A	A	A	A	A	D	A	A	A	A	A	B	Z	A	A	B	D	A	A	A	A	A	F	A	A	A	A	D	B	A	A	A	C	A	A	C	C	A	A	A	A	A	A	A	A	A	A	A	A	A	A	A	A	Z	A	A	B	A	A	A	A	A	A	A	A	A	A
LCC1025	E	S	A	H	F	D	D	A	A	A	A	A	A	A	B	A	A	A	A	A	A	F	F	A	A	A	A	A	A	A	A	F	A	A	A	A	A	A	A	A	K	A	A	A	B	A	A	A	A	A	P	A	T	A	E	A	P	A	L	A	A	A	A	A	G	A	A	A	A	M	C	C	A	A	A	A	A	C	B	Z	A	A	A	A	A	A	A	Z	A	C	E	A	I	A	A	A	A	A	A	A	A	A	A	A	A	A	A	A	F	B	A	A	A	A	A	A	A	A	B	A	A	A	A	A	A	A	A	A	A	A	A	A	B	A	A	A	A	A	A	A	A	A	A	A	A	A	C	E	A	A	A	A	K	A	A
LCC1026	F	B	E	I	B	E	B	Q	C	A	B	D	C	F	B	A	A	F	B	A	A	D	A	A	A	I	A	A	A	A	B	A	A	A	A	A	A	A	A	A	K	K	A	A	A	A	A	A	A	A	U	A	A	C	A	A	K	A	B	A	A	A	B	A	A	A	A	A	A	C	A	D	A	A	A	A	A	A	A	A	A	B	A	A	C	A	A	A	U	A	A	A	A	A	A	A	K	A	A	C	B	A	A	A	A	A	A	A	A	C	A	A	A	B	A	A	A	C	A	A	A	A	A	A	A	A	A	A	E	A	A	A	A	A	A	A	A	A	A	A	A	A	L	A	H	A	A	A	A	A	A	A	A	A	A
LCC1027	A	A	A	Y	A	A	A	A	B	A	A	A	A	A	A	A	A	A	A	A	A	A	A	A	A	A	A	A	A	A	A	A	A	A	A	J	A	A	A	A	A	A	A	B	A	A	A	A	A	C	A	A	C	G	Z	A	A	A	O	A	A	A	A	A	A	A	A	A	A	K	C	V	A	A	E	A	B	B	C	H	A	A	A	A	B	A	A	A	A	A	A	A	A	A	A	D	A	A	A	A	C	A	A	A	A	A	A	A	A	I	A	A	A	A	A	A	A	C	A	A	A	A	A	A	P	A	A	A	M	B	A	A	A	A	G	A	A	A	A	A	B	A	A	A	A	A	A	A	A	A	A	A	A	A	A
LCC1028	A	A	A	L	A	A	A	A	B	B	B	A	A	A	A	A	A	F	A	F	A	A	D	R	B	A	A	A	D	A	A	A	A	A	A	B	A	A	A	A	A	A	A	D	A	A	A	A	A	C	G	A	B	A	F	A	A	A	D	A	A	A	B	A	A	A	A	A	A	H	A	D	A	B	A	A	E	A	D	B	A	B	A	A	A	A	A	C	A	B	A	A	A	A	A	E	A	B	C	A	B	A	A	A	A	A	A	A	A	A	A	A	A	B	A	A	A	H	A	A	B	A	A	Q	A	A	A	A	A	A	A	K	Z	A	A	A	P	A	K	A	A	A	A	A	A	A	A	A	A	A	A	A	A	A	A
LCC1029	Q	A	A	B	A	I	A	A	A	A	A	A	A	A	B	A	A	A	A	A	A	A	A	A	A	A	A	B	A	A	F	A	H	A	A	A	A	A	A	A	A	H	B	A	A	A	A	A	A	A	S	A	B	E	A	A	J	A	A	A	A	A	A	A	A	A	A	A	A	I	C	E	A	A	C	A	A	A	A	E	A	A	A	A	D	A	A	D	A	A	I	A	C	A	A	A	B	V	C	C	A	A	A	A	A	A	A	A	A	F	A	A	A	B	A	A	A	C	B	E	B	A	A	H	C	A	A	A	A	B	A	A	A	B	C	A	A	A	B	A	A	A	A	A	A	A	A	A	A	A	A	A	A	A	A
LCC1030	P	K	D	C	F	E	A	A	A	A	A	A	A	A	A	A	A	A	A	A	A	K	A	A	A	A	A	A	A	M	A	A	A	A	B	A	C	A	B	A	A	A	A	A	A	A	A	A	A	A	I	B	A	E	A	A	J	A	A	L	B	B	A	L	A	N	A	A	O	B	P	A	A	A	A	X	A	A	A	A	B	A	A	A	A	A	A	B	B	A	L	A	C	E	A	A	B	A	B	G	A	B	A	A	A	A	A	F	J	B	B	A	A	A	A	B	A	A	A	B	A	A	A	A	B	H	H	A	A	A	A	A	A	L	A	J	A	B	A	A	A	A	A	A	A	D	A	A	A	A	A	E	G	A	E
LCC1031	G	B	A	I	A	B	A	A	A	F	F	A	A	A	D	C	A	A	C	D	A	J	A	A	A	A	B	A	A	A	A	A	A	R	A	A	A	A	A	F	A	C	A	A	A	A	A	A	G	A	A	A	A	F	H	A	A	A	A	A	A	A	C	A	A	A	A	D	A	B	F	A	A	A	A	A	D	A	F	A	A	M	A	A	D	A	A	A	A	A	A	A	A	A	A	I	A	A	A	A	E	A	A	A	A	A	A	A	A	A	A	V	A	A	A	A	A	X	A	A	A	A	A	L	A	A	A	A	A	A	A	A	A	A	A	A	A	A	A	A	A	A	A	A	A	A	A	A	A	A	A	A	A	A	A
LCC1032	O	B	A	E	A	H	H	A	B	B	D	A	A	A	A	A	A	C	A	A	A	G	F	A	A	A	A	A	A	A	A	A	A	A	A	A	A	A	A	A	A	E	A	A	A	A	A	A	A	A	N	A	F	D	F	A	G	A	F	A	A	B	A	G	A	C	A	C	B	H	C	C	E	C	A	A	A	K	C	F	A	A	A	A	A	F	A	D	A	J	G	A	F	A	A	A	A	A	C	B	A	E	A	A	A	A	E	B	D	B	A	B	A	A	A	C	A	A	A	C	E	R	A	C	A	B	A	A	A	A	A	A	A	A	C	A	A	A	B	B	E	A	A	D	A	A	A	A	A	J	G	A	A	A	A
LCC1033	A	A	A	L	A	A	A	A	A	A	A	C	A	A	B	A	A	C	A	T	A	A	A	A	E	A	F	A	E	A	A	T	E	A	A	A	A	A	A	A	A	C	A	D	A	L	I	A	A	A	E	A	C	E	B	A	H	A	A	A	A	A	A	E	A	A	A	N	H	E	C	C	B	A	A	A	B	C	I	C	A	A	A	A	A	K	A	A	A	A	A	A	A	A	A	A	A	A	A	B	A	A	A	A	A	A	A	A	F	C	A	J	A	A	A	E	A	A	B	C	A	A	A	F	B	A	A	F	A	A	A	A	A	A	A	A	H	A	H	B	A	A	A	A	A	A	A	A	A	A	C	A	A	A	A
LCC1034	A	A	A	J	A	A	A	A	G	D	A	A	E	A	A	A	A	B	A	B	A	A	A	A	C	A	B	W	H	E	A	B	B	A	C	E	A	A	A	A	A	O	A	A	A	C	C	A	A	A	S	A	A	M	B	A	A	A	A	A	A	A	A	A	A	A	A	B	A	F	G	D	A	A	C	A	A	A	A	E	A	F	A	A	B	A	A	A	A	A	A	A	D	D	A	B	I	A	A	A	B	A	A	A	A	A	A	A	A	B	A	A	A	A	A	A	A	A	A	A	B	A	A	A	F	F	A	A	C	C	D	A	A	A	W	A	A	A	A	A	A	A	A	A	A	A	A	A	A	A	A	A	A	A	A
LCC1035	I	C	A	E	A	G	D	Z	A	A	B	A	B	A	B	A	C	B	A	A	E	F	H	A	A	A	A	A	A	A	D	B	A	A	A	B	A	A	A	A	A	E	A	A	A	C	A	B	B	A	K	N	D	C	C	B	J	A	G	C	B	A	A	D	D	P	A	A	B	E	B	A	F	D	A	A	A	B	A	A	B	A	A	A	A	B	A	B	Z	A	A	A	A	C	E	A	Q	A	D	C	A	A	A	D	P	A	D	B	G	A	F	A	D	B	A	B	A	A	D	B	C	B	A	A	A	A	A	D	A	A	A	A	B	A	B	E	B	A	A	A	A	A	C	A	B	C	A	D	G	C	A	A	A	A	A
LCC1036	B	C	A	Q	A	A	B	A	C	A	A	A	A	A	B	A	A	A	A	I	A	A	A	A	B	A	A	A	A	A	A	D	A	A	A	I	A	A	A	A	A	E	A	A	A	C	A	A	A	A																																																																																																									
LCC1037	A	A	A	P	A	A	A	A	A	A	A	A	A	A	B	A	A	A	A	K	A	A	A	N	A	A	A	A	F	A	A	A	A	A	A	A	A	A	A	A	A	A	A	A	A	A	A	A	B	A	G	A	A	C	N	A	A	A	B	A	A	A	B	A	A	A	A	K	A	A	A	A	A	A	A	A	B	A	A	A	A	B	A	A	O	A	A	A	A	A	A	A	A	A	A	A	A	R	A	A	B	A	A	A	A	A	A	A	A	A	A	A	A	A	A	A	A	A	A	A	J	A	A	A	A	A	A	A	A	A	A	A	A	A	A	A	A	A	A	A	A	A	A	A	A	A	A	A	A	A	A	A	A	A	A
LCC1038	E	A	A	M	A	A	A	A	E	A	A	A	A	A	B	A	A	A	B	B	A	A	A	A	F	A	A	A	B	A	A	A	A	C	A	E	A	A	E	A	A	A	A	A	A	A	A	A	A	A	N	A	C	O	A	A	E	A	A	A	A	A	A	A	A	A	D	D	B	A	C	E	A	A	A	A	A	E	H	C	A	F	A	A	B	C	A	B	A	A	A	A	E	A	A	M	H	A	A	A	K	A	A	A	A	A	A	A	A	B	A	A	A	A	A	A	A	A	A	A	A	A	A	A	B	C	A	A	A	A	A	A	A	A	A	A	A	A	A	A	F	A	A	A	A	A	A	A	A	A	A	A	A	A	A
LCC1039	F	E	F	I	A	G	I	A	A	B	K	A	F	A	A	A	B	G	B	A	A	D	A	D	A	A	A	D	A	A	A	A	A	A	B	A	B	A	B	A	A	H	A	B	A	A	A	A	A	A	T	A	C	B	B	A	A	A	A	A	E	A	A	A	A	A	A	A	A	F	B	B	A	A	A	A	A	A	A	B	A	B	A	A	A	A	A	B	A	A	A	A	A	D	A	A	A	A	A	A	A	A	A	A	A	A	A	A	A	A	A	A	A	B	A	A	A	A	A	B	B	A	A	A	A	A	A	A	A	A	A	A	A	A	A	B	A	A	A	A	A	A	A	A	A	A	D	A	A	A	A	A	A	A	A
LCC1040	J	C	H	B	D	H	C	A	A	A	C	B	B	G	H	A	B	E	A	A	A	A	B	A	A	A	A	A	A	A	A	A	A	A	A	A	A	A	A	B	A	A	A	A	A	A	A	A	A	A	L	C	A	C	B	C	K	A	A	A	C	A	A	B	A	A	A	A	B	H	C	F	A	B	B	A	A	A	A	B	A	A	A	A	A	A	A	C	C	A	B	A	A	A	A	A	D	B	F	A	A	A	A	A	B	A	A	A	A	A	A	A	A	A	A	A	A	A	A	B	B	A	A	G	B	A	A	A	B	A	A	A	B	A	A	A	O	A	A	F	A	B	L	A	K	A	A	A	C	A	A	A	A	F	A
LCC1041	A	A	A	C	A	A	B	A	O	A	A	A	A	A	A	A	A	A	E	R	A	A	A	A	B	A	A	A	A	G	A	H	A	A	B	F	A	A	B	A	A	C	A	A	A	C	I	A	A	A																																																																																																									
LCC1042	O	A	J	D	A	A	A	A	A	A	J	A	A	A	B	A	A	A	A	A	A	A	A	A	C	A	A	A	F	A	A	A	A	A	A	A	A	A	A	A	A	E	J	A	A	A	A	N	A	A	K	A	A	A	A	E	C	A	A	A	C	A	A	A	C	A	A	A	A	C	D	B	A	A	A	A	A	A	A	K	A	C	A	A	C	A	A	A	A	A	A	A	A	A	A	A	A	A	B	A	A	B	A	A	A	A	A	A	A	C	A	A	A	A	A	A	A	A	A	A	A	A	A	A	A	A	A	A	C	A	A	A	A	A	A	A	A	A	A	A	A	R	A	A	A	A	C	A	A	A	A	A	A	A	A
LCC1043	B	I	A	L	A	A	A	A	A	C	A	A	B	A	A	A	A	B	A	A	J	A	H	A	D	A	A	H	A	A	A	A	A	A	A	A	A	A	A	A	A	F	A	B	A	A	A	H	A	G	U	A	C	D	A	A	F	A	A	A	N	A	A	G	C	C	A	A	C	E	D	B	G	A	A	A	A	A	A	D	A	A	A	B	A	B	B	B	A	A	I	A	F	J	A	A	A	A	A	B	A	A	A	B	B	A	B	A	A	A	A	A	A	A	A	B	A	A	A	E	A	A	A	D	B	A	B	C	A	C	A	A	A	D	A	A	A	D	A	A	B	A	N	A	A	A	A	A	A	N	L	A	A	A	A
LCC1044	H	C	D	I	A	B	A	A	A	A	A	A	A	A	A	A	A	F	B	A	A	M	A	A	A	D	A	A	A	A	A	A	A	A	A	F	A	A	A	A	D	A	A	A	A	D	A	A	A	A	O	B	A	B	A	A	M	E	A	B	H	B	A	A	I	A	A	A	E	K	G	H	A	A	A	A	A	A	A	B	A	A	B	A	A	B	A	C	E	A	C	A	B	H	A	A	C	A	K	C	C	A	A	R	N	A	A	C	I	B	D	A	A	A	C	A	R	A	A	B	A	A	A	A	B	A	A	C	B	B	A	A	A	C	A	A	A	A	A	A	A	A	A	A	A	A	A	A	A	E	I	A	L	A	F
LCC1045	A	A	A	E	A	A	A	A	A	B	A	A	A	A	I	E	A	A	A	C	A	A	A	R	A	A	C	A	A	A	A	A	A	A	A	A	A	A	A	A	A	A	A	K	A	A	A	A	X	A	M	A	B	E	K	A	F	A	V	A	A	A	A	A	A	A	A	A	B	E	A	D	Z	A	C	A	A	A	I	B	A	A	A	A	A	A	C	A	A	D	D	A	I	A	A	A	A	A	A	A	A	A	A	A	A	A	A	A	A	A	A	F	A	A	A	A	A	N	A	A	A	E	A	B	A	A	B	A	A	A	A	A	J	A	A	A	A	A	A	A	A	A	A	A	A	A	A	L	A	A	A	A	A	A	A
LCC1046	A	A	A	N	D	A	A	A	F	A	A	A	A	A	D	A	A	A	A	B	A	A	A	A	N	A	A	A	A	A	A	C	A	A	A	P	A	A	A	A	A	A	A	A	A	Z	A	A	A	A	A	A	C	E	F	A	A	A	A	A	A	A	B	A	A	A	A	E	A	A	A	A	A	A	A	A	D	A	C	A	A	H	A	A	Q	A	A	A	A	A	A	A	A	A	A	R	A	E	A	A	Q	A	A	A	A	A	A	A	A	A	A	A	A	A	A	A	A	B	A	A	D	A	A	A	A	A	A	A	A	A	A	A	Q	A	A	A	A	A	A	A	A	A	A	A	A	A	A	A	A	A	A	A	A	A	A
LCC1047	O	A	E	B	A	L	E	K	A	A	C	A	G	A	B	A	C	A	A	A	J	E	B	A	C	J	A	A	A	A	A	A	C	A	A	E	B	C	A	A	A	B	A	A	A	A	A	A	A	A	P	A	A	C	A	A	E	I	A	D	C	B	A	E	C	B	A	A	P	E	J	C	B	A	A	J	A	A	A	I	A	A	B	E	A	B	A	B	A	A	F	A	D	F	A	A	G	A	D	C	B	B	A	A	E	A	B	B	A	A	C	A	F	A	K	F	C	A	A	G	A	A	A	A	D	B	E	E	B	V	A	A	A	E	A	B	A	C	A	A	A	A	E	A	C	O	A	B	A	F	A	A	A	A	B
LCC1048	T	P	A	D	A	H	B	A	A	A	A	A	A	A	A	A	A	N	A	A	A	R	A	A	A	A	A	A	A	A	A	D	A	A	A	A	A	A	A	A	A	A	A	A	A	A	A	A	A	C	N	B	C	D	A	A	J	C	A	A	B	A	A	A	A	A	A	A	A	B	C	B	A	A	A	C	A	A	A	H	A	A	A	A	A	A	A	C	F	A	A	A	C	B	A	A	A	A	C	D	A	A	A	A	A	A	A	A	A	A	A	A	B	A	A	A	A	A	A	E	A	A	A	A	B	A	A	A	A	A	A	A	D	E	A	B	A	G	A	C	A	A	A	A	B	G	A	A	A	A	A	C	C	G	Z
LCC1049	Q	F	C	C	B	L	C	A	A	A	C	A	B	D	A	A	A	H	A	A	A	H	E	A	A	A	A	A	A	A	A	A	A	A	A	A	A	A	A	A	A	A	A	A	A	A	A	A	A	A	S	A	C	G	A	A	J	A	A	A	A	A	B	A	A	A	A	B	I	F	C	C	A	A	C	A	F	C	B	K	A	A	A	A	A	A	B	A	A	A	A	A	A	A	A	A	D	A	E	A	G	A	A	A	A	A	A	A	A	C	A	A	A	A	A	M	A	A	C	H	A	A	A	A	D	B	G	A	A	A	A	A	A	A	H	A	A	A	A	A	A	A	A	A	A	A	A	A	A	A	A	A	A	A	A
LCC1050	F	H	B	C	D	G	A	B	K	A	E	A	B	A	C	A	A	F	A	A	A	F	A	A	A	B	A	B	A	B	A	O	A	A	A	U	A	A	A	A	A	A	A	A	G	A	D	A	A	A	O	A	A	C	A	H	B	A	A	E	E	B	A	A	D	A	A	A	A	E	B	C	A	A	A	A	A	A	A	K	A	A	A	A	D	A	A	A	A	A	A	A	I	A	A	A	D	A	F	A	B	A	A	A	A	A	A	A	A	B	D	A	A	A	G	E	A	A	A	D	A	A	A	A	A	D	L	A	A	A	C	A	A	C	A	A	A	G	A	A	A	D	A	A	A	G	A	A	A	A	A	A	A	H	F
LCC1051	A	A	A	I	A	A	B	A	A	A	D	A	A	A	D	A	A	A	M	A	A	A	A	A	C	A	B	A	J	A	A	A	A	A	A	A	A	A	B	A	A	Z	A	A	A	A	A	A	R	A	A	A	D	C	B	A	A	A	A	A	A	A	A	F	A	W	O	F	D	E	F	B	G	A	A	A	A	G	P	B	A	L	A	A	A	I	A	A	A	A	B	A	G	A	A	Z	A	A	A	A	A	A	A	A	A	S	A	A	B	A	D	A	A	A	A	F	A	A	A	A	A	A	A	D	B	A	A	C	A	C	A	D	A	C	A	A	A	A	A	A	Z	U	A	A	A	A	A	A	A	A	D	A	A	A	A
LCC1052	H	A	F	D	A	A	A	A	A	G	A	A	A	A	B	D	B	A	A	C	A	A	A	A	A	D	B	A	C	A	A	A	A	A	A	A	A	A	A	A	A	B	A	B	D	A	A	A	A	B	R	A	B	F	D	B	H	A	B	A	A	A	B	A	A	A	A	B	A	L	A	A	A	J	A	A	A	A	A	P	A	A	H	B	B	A	M	A	A	B	A	A	A	A	A	A	A	A	B	A	D	A	A	A	A	A	A	A	A	D	A	A	A	A	A	A	A	G	I	A	E	A	E	A	A	A	A	A	A	A	A	A	A	A	A	A	A	A	A	A	A	A	A	A	A	A	B	A	A	A	A	A	A	A	A
LCC1053	C	B	C	H	B	A	A	A	A	H	C	D	A	A	A	A	F	A	B	C	A	A	A	E	A	A	A	A	A	A	A	A	A	A	A	A	B	A	B	A	A	I	A	A	A	A	A	H	A	A	V	A	B	D	B	A	A	A	A	A	A	A	A	A	H	A	A	A	D	F	A	A	A	A	A	A	A	B	A	H	A	G	F	A	A	C	A	F	D	A	A	A	A	A	A	A	A	A	B	A	B	A	A	A	A	A	A	A	A	A	A	A	A	A	A	A	A	A	A	A	C	A	A	G	A	A	A	A	A	A	A	A	A	A	A	A	A	A	C	A	A	A	A	A	B	A	A	A	A	A	A	A	A	A	A
LCC1054	R	A	A	C	A	A	A	A	A	C	D	A	Z	A	B	A	C	A	A	A	A	A	A	A	A	A	B	A	B	A	A	A	A	A	A	A	A	A	A	A	A	I	A	B	A	A	A	A	A	A																																																																																																									
LCC1055	E	F	B	K	A	A	A	A	A	A	I	B	A	A	B	A	A	D	A	A	C	F	I	A	C	A	A	D	A	A	A	A	A	A	A	C	A	A	A	A	A	H	A	D	A	A	A	L	A	A	P	A	A	E	B	D	I	A	A	A	H	A	A	A	A	A	A	A	A	E	H	D	A	A	A	A	A	A	A	C	A	A	A	A	A	A	A	A	A	A	A	A	B	B	A	A	D	A	C	A	A	A	A	A	A	A	A	A	A	A	C	A	A	A	A	A	A	A	A	E	E	A	A	A	F	B	A	A	A	A	B	A	G	B	I	A	G	A	A	A	A	I	A	A	A	H	A	A	A	C	B	A	A	D	A
LCC1056	I	Z	A	H	E	C	B	A	B	A	A	A	A	A	A	A	A	B	A	A	A	A	A	A	A	A	A	A	A	A	A	A	A	A	A	C	B	K	B	A	A	A	A	A	A	A	A	A	A	A																																																																																																									
LCC1057	U	A	B	A	A	J	A	D	A	A	C	A	A	A	A	A	A	B	A	A	A	A	A	A	A	A	A	B	A	Q	A	B	A	D	C	A	A	A	A	A	C	A	A	A	F	A	A	A	A	A	E	Z	A	D	B	A	Z	W	A	B	A	E	A	K	M	B	A	A	H	I	C	B	A	A	A	N	A	B	A	A	A	A	A	A	A	A	A	A	A	A	G	A	B	H	G	A	A	A	D	A	A	A	A	A	A	O	A	E	I	A	G	A	B	A	G	F	A	A	A	B	A	A	A	B	B	B	C	A	A	A	A	A	A	D	B	W	A	A	A	G	A	C	A	A	A	A	A	G	B	A	A	A	A	A	A
LCC1058	A	A	A	F	A	A	A	A	A	T	A	A	A	A	C	G	A	A	A	A	A	A	E	A	A	A	A	A	C	A	A	A	A	A	A	A	D	A	A	A	A	A	A	E	A	A	A	A	Z	Z	M	P	E	A	A	A	R	E	C	N	Z	A	A	A	G	A	A	A	C	D	A	B	H	A	A	E	A	A	J	D	A	A	C	A	A	D	A	K	A	B	A	A	J	A	A	A	A	A	A	A	A	A	A	A	A	A	A	A	A	A	B	A	A	A	A	A	A	A	A	A	A	A	A	A	A	A	A	A	A	A	A	A	C	A	A	A	A	A	E	A	A	A	A	A	Z	D	C	Q	B	A	A	A	B	A	E
LCC1059	A	A	A	Z	A	A	A	A	A	A	A	A	A	A	A	A	A	A	A	A	A	A	D	A	A	A	A	A	A	A	A	A	A	A	A	A	A	A	A	A	A	A	A	A	A	A	C	A	A	A	Z	A	A	C	A	A	A	A	A	A	A	A	A	A	A	A	A	A	A	C	B	B	A	A	A	A	A	A	A	A	A	B	A	A	A	A	A	B	A	A	A	A	A	B	A	A	A	A	A	A	A	A	A	A	A	A	A	A	A	A	A	A	A	A	A	B	A	A	A	C	B	B	A	D	A	A	A	A	A	A	A	G	A	A	A	A	A	A	C	B	A	A	A	A	A	A	A	A	A	A	A	A	O	A	A
LCC1060	A	A	A	N	B	A	A	A	A	A	A	A	A	A	I	A	A	A	A	D	A	A	I	A	A	A	A	A	A	A	A	A	A	A	A	C	A	A	A	A	A	A	A	A	A	A	D	A	A	A	A	A	L	A	D	A	A	A	H	A	A	A	A	A	A	A	A	H	A	A	E	F	A	A	A	A	A	M	R	I	A	K	A	A	B	D	A	A	A	A	A	A	A	A	A	W	A	A	C	A	S	A	A	A	A	A	A	A	A	A	A	W	A	A	A	A	A	A	A	A	A	A	A	D	K	A	A	A	D	A	A	A	A	A	D	A	A	A	A	A	C	A	A	A	A	A	A	A	A	A	A	A	A	A	A
LCC1061	G	B	D	F	B	A	F	A	A	A	D	A	A	A	B	A	A	A	A	A	A	G	G	E	A	B	A	A	A	A	A	B	A	B	A	B	A	A	A	I	A	Q	A	A	A	C	A	O	A	A	R	A	A	B	A	A	D	A	A	A	A	A	A	D	B	B	A	A	A	C	D	A	A	B	A	F	A	A	A	A	A	A	D	A	A	B	A	B	B	A	C	N	D	A	A	A	G	A	A	B	A	A	A	B	C	D	A	B	E	A	E	A	C	A	A	E	A	A	A	D	A	R	A	A	A	A	A	B	A	D	A	A	A	A	A	A	D	A	A	B	A	A	A	A	A	D	A	K	C	A	C	G	A	D	A
LCC1062	P	B	B	B	C	O	B	C	A	A	F	C	C	A	A	A	A	N	A	A	A	N	B	A	A	A	A	A	A	A	A	A	A	A	A	B	A	A	B	B	A	H	A	A	A	A	A	A	A	A	N	A	A	C	A	D	H	E	A	B	G	A	A	A	A	A	A	A	C	L	D	H	J	A	A	A	A	A	A	E	A	A	D	A	A	A	A	D	U	A	A	A	E	A	A	A	F	A	I	C	B	A	A	A	A	A	A	A	A	B	N	A	A	A	A	F	A	A	A	B	D	G	A	C	E	A	D	A	A	A	A	A	G	A	C	B	A	A	A	A	A	A	A	A	M	M	B	D	B	A	B	C	A	A	A
LCC1063	F	B	E	A	G	A	A	A	A	C	A	A	A	A	A	A	B	A	Z	B	F	F	A	A	A	A	P	A	A	B	A	A	A	A	B	A	A	A	A	A	A	C	A	D	Z	A	A	A	A	A	K	A	B	B	B	A	G	A	C	A	A	A	A	B	E	A	A	A	D	E	B	B	A	B	A	A	A	B	A	B	A	A	A	A	A	B	B	B	A	A	G	Q	A	A	A	A	G	A	A	E	A	A	A	A	A	A	A	A	C	B	E	A	A	A	A	A	A	A	A	E	B	A	A	A	D	D	A	A	A	A	A	A	A	A	C	A	A	A	A	A	B	B	A	A	Y	A	A	A	A	A	A	A	A	A	A
LCC1064	N	A	E	H	A	A	D	A	A	A	N	A	D	A	A	A	A	F	A	B	A	Q	D	A	A	A	A	A	A	A	A	A	A	A	A	A	A	A	A	A	B	A	A	A	A	A	A	W	A	A	O	D	D	F	F	A	F	A	B	A	H	A	A	A	B	A	A	A	D	D	B	D	A	F	A	A	A	A	A	A	A	A	A	E	A	B	G	E	A	A	C	E	B	A	A	A	A	A	A	F	A	A	A	A	A	A	A	A	C	A	A	A	A	A	A	D	A	I	G	A	E	R	A	A	A	A	A	A	A	A	A	A	A	A	A	A	A	A	A	D	A	B	A	A	E	A	C	A	A	A	A	A	A	A	A
LCC1065	N	C	A	G	A	F	I	A	A	A	A	A	A	A	A	A	A	A	A	A	A	D	E	A	A	A	A	A	A	A	A	A	A	A	A	B	A	A	A	A	A	G	A	A	A	A	A	A	A	A	Q	D	A	D	B	C	F	A	A	A	A	F	A	C	J	A	A	A	A	C	D	C	A	F	A	A	A	A	A	A	A	A	A	A	A	A	A	B	A	A	A	F	C	E	A	A	F	B	D	D	B	A	A	C	C	A	A	A	C	B	F	A	A	A	C	C	A	G	E	G	A	A	A	A	B	A	C	G	C	A	A	A	A	A	A	A	A	A	A	D	B	A	C	A	R	A	A	A	G	A	S	A	A	E	C
LCC1066	A	B	A	P	O	A	A	A	C	A	A	A	A	A	A	A	A	A	A	A	A	A	A	A	A	A	A	A	A	A	A	K	A	A	A	G	A	A	C	A	A	A	A	A	A	D	M	A	A	A	V	A	I	A	B	A	Q	A	B	E	I	C	A	A	A	A	A	A	A	G	C	C	A	A	A	A	A	A	A	I	A	A	B	A	A	A	A	F	A	C	B	D	G	A	A	A	A	A	B	A	A	A	A	A	A	A	A	A	A	A	A	A	A	A	A	A	A	C	H	A	A	A	A	A	A	A	A	A	A	A	A	A	B	A	A	A	A	A	A	G	A	A	F	A	I	L	A	C	B	A	A	A	B	A	D
LCC1067	F	A	A	O	A	A	E	C	A	A	C	A	A	A	C	A	A	E	A	A	A	A	F	A	A	A	A	A	A	A	A	A	A	A	A	A	A	A	A	A	A	F	A	A	A	A	A	K	A	A	A	A	A	I	B	A	A	A	A	A	A	A	A	P	A	N	B	M	B	D	G	E	A	A	F	A	A	K	C	D	Z	A	A	C	A	F	B	A	A	A	L	A	P	M	U	A	D	A	V	D	C	Z	W	H	A	A	A	A	G	B	H	A	A	A	A	Z	C	A	A	S	B	A	A	D	C	F	B	A	A	Q	A	I	A	D	J	A	A	A	A	F	F	A	A	J	A	A	A	A	A	A	A	A	A	A	A
LCC1068	A	A	A	N	A	A	A	A	A	C	A	A	A	A	A	A	A	A	A	G	I	B	A	J	A	A	A	A	A	A	A	A	A	A	A	B	A	A	A	A	K	A	A	A	A	A	A	A	B	J	P	A	A	C	B	A	J	D	D	C	E	A	A	A	A	A	A	A	C	D	B	C	A	A	A	K	A	A	B	B	A	A	A	B	A	A	D	E	D	B	C	C	C	B	A	A	B	A	A	A	A	A	A	A	A	A	A	A	A	A	D	A	A	A	E	A	A	C	A	G	A	A	A	I	A	C	A	A	A	A	A	A	U	A	A	I	A	A	K	G	A	A	A	A	I	H	E	E	A	A	A	D	A	A	A
LCC1069	A	A	A	J	A	A	A	A	A	B	A	A	A	A	C	Z	A	A	A	G	A	A	A	A	F	A	A	A	A	A	A	A	D	I	A	A	A	A	A	A	A	A	D	A	A	A	A	A	A	E	F	A	C	D	B	B	L	A	A	A	A	A	A	Z	S	A	O	F	A	L	J	C	A	A	A	A	A	J	L	I	A	A	Z	A	A	I	A	B	B	A	D	A	L	C	A	A	A	A	C	A	D	L	B	A	H	A	Q	A	J	B	J	A	A	A	A	A	A	A	A	A	B	B	A	B	I	C	I	A	B	M	A	A	F	C	A	O	A	A	A	J	K	F	A	B	A	A	A	A	A	A	A	A	A	A	A
LCC1070	A	A	A	P	A	A	D	A	A	A	A	C	A	A	A	A	A	A	A	A	A	D	C	A	C	A	A	A	A	A	A	A	B	A	A	D	A	A	A	A	P	C	A	A	A	A	A	A	A	A																																																																																																									
LCC1071	H	A	E	B	I	B	A	A	E	A	A	A	A	A	A	A	A	A	B	A	A	B	A	A	A	A	A	B	A	A	A	C	A	A	A	D	A	A	A	A	A	F	A	A	A	A	A	A	A	A	S	A	C	B	B	C	L	A	A	A	O	D	B	A	A	A	A	A	A	H	C	F	A	A	A	A	A	A	A	C	A	B	A	A	A	A	A	A	A	A	B	A	B	A	A	A	B	A	E	F	A	A	A	A	A	A	A	A	A	C	A	A	A	A	A	A	A	B	C	D	A	A	A	A	C	A	A	A	C	A	A	A	A	A	L	A	A	D	A	A	A	J	A	A	A	A	A	A	A	A	A	A	A	A	A
LCC1072	E	B	A	K	A	A	A	A	A	F	A	C	A	A	A	A	A	A	C	E	A	A	G	A	A	B	A	A	A	C	A	D	A	H	A	A	F	A	A	A	A	G	A	A	B	A	A	A	B	A	M	A	A	C	A	A	F	A	A	D	N	E	C	A	E	B	A	A	B	D	B	E	A	A	E	A	A	B	A	A	A	B	C	A	B	A	A	A	E	A	A	A	A	A	A	A	N	A	E	A	A	A	A	B	A	A	A	A	A	A	C	A	A	A	A	A	A	A	D	A	A	A	A	A	D	A	D	A	B	B	A	A	A	B	D	A	A	Z	A	A	B	A	A	A	E	A	Q	A	A	A	A	C	A	A	D
LCC1073	A	L	A	T	A	A	D	A	A	A	B	A	A	A	A	A	A	C	A	A	A	A	H	A	D	A	A	A	A	B	A	G	A	A	A	D	A	A	A	A	A	A	A	A	A	A	C	A	A	A	A	A	A	A	A	B	A	A	A	A	A	A	J	A	A	A	A	D	A	A	X	A	A	A	A	A	B	A	A	A	A	A	A	A	Z	A	A	A	A	A	A	A	A	A	A	A	A	A	A	A	D	A	A	A	A	A	A	A	A	A	A	A	A	A	A	A	A	C	A	A	B	A	A	A	A	A	A	A	A	A	I	A	A	A	A	A	A	A	A	A	A	A	A	A	A	A	A	A	A	A	A	A	A	A	A
LCC1074	G	P	A	F	C	G	B	E	C	A	A	A	A	A	A	A	A	A	B	A	A	C	C	A	A	A	A	A	A	A	A	M	A	A	A	I	A	A	B	A	A	A	A	A	A	B	B	A	A	A	K	A	B	B	C	C	M	A	B	A	J	A	C	B	A	A	A	A	A	E	B	A	A	D	A	A	A	A	A	D	A	A	A	A	F	B	A	J	A	A	A	A	D	C	A	A	A	F	H	A	A	A	A	A	A	A	A	A	A	A	B	A	A	A	A	A	A	G	A	A	C	F	A	T	A	A	A	A	A	A	D	A	G	A	A	A	B	A	A	A	A	A	A	A	F	E	A	C	A	A	A	A	A	A	A
LCC1075	F	P	A	J	A	D	F	L	A	B	C	A	B	A	A	A	A	H	A	A	A	E	C	A	A	A	A	A	A	A	A	A	A	A	A	B	A	A	A	A	A	A	A	B	A	A	A	A	A	A	W	A	A	B	A	B	S	A	A	A	A	A	A	A	C	A	A	A	A	D	B	B	A	A	A	A	A	A	B	A	A	H	A	A	A	A	E	E	A	A	A	J	A	A	A	A	A	A	E	A	B	A	A	A	A	A	A	A	A	A	A	A	A	A	A	A	A	A	A	B	A	A	A	B	B	A	A	A	A	A	A	A	A	A	B	A	A	A	A	A	A	A	A	A	E	A	A	A	A	A	A	A	A	A	Q
LCC1076	A	A	F	E	A	A	A	A	A	C	I	B	C	A	A	C	D	D	A	B	A	A	A	Z	A	A	A	Z	H	A	A	A	A	F	A	A	A	B	B	A	A	A	E	C	C	A	A	A	B	A	O	A	C	E	A	A	A	A	A	A	X	A	A	A	A	A	A	A	B	F	B	H	A	J	C	A	A	B	D	E	A	K	A	A	A	A	A	A	A	A	A	A	E	G	A	A	A	A	A	D	A	A	A	A	A	A	A	B	B	A	D	A	A	A	A	E	A	A	C	D	A	A	A	C	A	A	A	A	B	A	A	A	A	A	E	A	A	A	A	A	B	O	A	A	A	A	A	A	A	A	A	A	A	C	A
LCC1077	N	C	D	I	A	A	A	A	A	A	A	A	E	A	A	A	C	A	A	A	B	A	A	A	A	A	A	A	A	A	A	A	A	A	A	A	A	A	A	A	A	I	A	B	A	A	A	A	A	A	L	A	G	F	R	A	D	A	B	A	J	A	A	A	A	A	A	A	A	B	A	D	A	A	A	A	A	A	A	C	A	A	A	A	A	A	A	B	A	L	A	A	A	A	A	A	A	A	A	A	A	A	A	A	A	A	A	A	A	A	A	A	A	A	A	D	A	B	A	A	A	A	A	D	A	A	A	A	A	A	A	A	A	A	A	A	A	A	A	A	A	A	A	A	A	A	A	A	A	A	A	A	A	A	A
LCC1078	Q	N	A	C	A	A	A	A	A	A	A	A	A	A	F	A	A	A	A	A	A	A	A	A	A	A	A	A	A	A	A	A	A	A	A	A	C	A	A	B	A	A	A	A	A	A	A	A	A	A																																																																																																									
LCC1079	J	B	B	F	A	K	E	A	A	A	B	B	B	A	D	A	A	M	A	A	A	L	A	A	A	A	A	A	A	A	A	B	A	A	A	A	A	A	A	P	A	C	A	C	A	A	A	A	A	A	B	A	E	J	B	A	K	A	C	A	A	A	A	E	T	A	Q	D	O	G	K	Z	A	A	D	A	A	M	C	J	I	A	A	A	A	F	A	C	K	C	E	A	A	A	M	B	A	A	A	A	A	C	A	A	A	A	A	J	U	C	A	A	J	A	A	A	A	A	A	F	B	R	A	A	A	A	A	Z	D	B	A	A	E	A	D	A	A	A	D	A	X	A	A	A	A	A	A	A	N	A	A	A	A	A	A
LCC1080	P	D	E	B	B	Z	B	A	A	A	H	B	G	A	A	A	D	Q	B	C	A	R	B	A	A	A	A	A	A	A	A	A	A	A	A	A	A	A	A	A	A	C	A	A	A	A	A	A	A	A																																																																																																									
LCC1081	F	E	A	H	A	A	J	A	A	D	G	A	B	A	A	D	A	C	A	B	E	G	G	A	A	A	A	A	A	A	A	A	B	A	A	A	A	A	A	A	A	O	A	D	A	A	A	A	A	A																																																																																																									
LCC1082	A	A	A	D	A	A	A	A	A	O	A	A	A	A	E	A	K	A	A	Q	A	A	A	A	C	A	A	A	L	A	A	A	A	B	A	A	A	A	A	A	A	A	A	A	A	A	A	A	A	H	A	A	A	F	L	A	A	A	A	A	A	A	A	A	A	A	A	Z	A	A	B	A	A	A	A	A	E	A	A	A	A	E	A	A	M	A	A	A	A	A	A	A	A	A	A	A	A	A	A	A	A	A	A	A	A	A	A	A	A	A	A	A	A	A	A	A	A	B	A	A	A	A	A	A	A	A	A	A	A	A	A	A	A	A	A	A	A	A	A	A	A	A	A	A	A	A	A	A	A	A	A	A	A	A	A
LCC1083	B	F	A	M	A	A	K	A	A	B	D	A	A	C	A	A	C	A	A	G	F	K	F	C	A	A	A	A	A	A	A	A	A	A	A	A	B	A	A	A	A	G	A	B	A	B	A	A	A	A	T	A	B	B	B	A	Q	A	A	A	Y	A	A	A	C	A	A	B	H	I	B	C	B	A	A	A	A	B	A	M	A	A	A	A	B	D	C	L	B	A	A	A	A	I	A	A	C	A	B	A	A	A	A	A	A	A	A	A	A	B	A	B	A	A	A	D	A	A	A	F	B	A	A	H	D	B	A	A	A	E	A	A	B	K	D	A	B	A	A	E	A	A	A	A	A	A	A	A	A	A	A	A	A	A	A
LCC1084	C	A	A	E	G	C	B	A	G	A	H	A	A	A	B	A	A	A	A	A	A	E	F	A	C	A	A	A	A	A	A	M	A	A	A	X	B	A	D	T	A	F	A	A	A	A	A	A	A	A	S	A	B	J	B	A	F	A	B	A	M	A	A	A	A	A	A	A	A	H	A	A	A	F	A	A	A	A	A	B	A	A	A	A	B	A	C	E	A	A	A	A	B	A	A	A	C	A	T	F	A	B	A	A	A	A	A	A	A	B	A	A	A	B	A	A	A	A	A	B	A	A	E	B	A	C	A	A	A	B	H	A	A	A	A	A	B	A	A	A	A	H	A	A	A	A	A	A	A	A	A	A	A	A	A
LCC1085	H	D	H	F	A	L	A	A	D	D	A	A	A	A	C	A	A	C	A	A	A	A	A	A	C	Z	A	C	F	H	A	A	A	B	A	G	B	A	A	A	A	A	A	A	A	A	A	A	A	B	Y	A	C	C	A	A	O	A	A	A	A	A	A	A	A	A	A	B	A	A	C	B	A	A	A	A	A	A	J	J	C	A	A	A	A	A	A	A	C	A	A	A	A	A	A	A	F	A	A	I	A	A	A	A	A	A	A	A	A	D	A	A	A	A	A	A	A	A	B	G	A	A	A	B	C	C	A	A	B	F	A	A	A	N	J	A	A	A	A	G	A	A	A	C	A	A	A	A	A	A	A	A	A	A	A
LCC1086	A	A	A	N	A	A	A	A	A	J	A	A	A	A	A	A	F	A	A	H	A	A	A	A	A	A	B	A	D	A	A	A	A	A	A	A	A	A	A	A	A	A	A	Z	A	A	B	A	A	A	R	A	A	C	A	C	R	A	A	A	A	A	B	F	H	A	A	A	B	F	C	A	A	B	A	A	A	A	C	D	A	D	A	A	B	A	A	F	A	A	A	A	A	A	A	A	A	A	C	A	A	A	A	A	A	A	A	A	A	A	A	A	A	A	A	A	A	B	A	E	C	A	A	E	A	A	A	A	A	A	B	A	H	A	D	A	A	A	B	A	A	B	G	A	E	E	A	A	A	A	A	A	A	D	A
LCC1087	E	L	G	L	A	A	E	A	B	A	B	A	A	A	A	A	A	B	D	A	A	F	A	A	A	A	A	A	A	A	A	C	A	A	A	D	B	A	A	D	A	A	A	A	A	A	F	A	A	A	M	D	A	B	A	A	J	A	A	A	C	A	A	B	B	A	A	A	A	A	C	A	A	B	A	A	A	A	A	A	A	A	A	A	A	A	A	B	B	A	A	A	C	S	A	A	A	A	H	B	A	A	A	D	A	A	A	A	A	A	A	A	A	A	C	C	A	A	B	A	A	A	A	B	A	A	A	A	A	B	A	A	B	B	A	A	N	H	A	A	A	B	A	A	B	B	A	A	A	A	A	A	C	A	A
LCC1088	L	C	A	H	A	L	S	D	A	A	A	A	A	A	A	A	A	G	A	A	A	A	A	A	A	A	A	A	A	A	A	A	A	A	A	A	A	A	A	A	A	E	A	C	A	A	A	A	A	A	H	I	A	D	B	C	L	A	A	A	G	B	A	D	E	G	A	A	A	L	H	D	B	A	A	A	A	A	A	B	A	A	A	A	A	C	A	E	C	A	H	A	E	B	I	A	C	A	I	N	C	E	B	N	G	Z	F	E	C	A	H	A	D	A	A	B	C	A	A	B	A	A	A	A	I	B	G	A	C	A	A	A	E	D	A	S	C	A	A	W	C	B	A	A	A	A	A	B	D	G	A	H	A	F	A
LCC1089	Q	A	A	F	E	A	B	A	C	A	B	A	A	A	A	A	A	B	J	A	A	C	B	A	B	A	A	A	A	A	A	B	A	A	A	A	A	A	A	A	A	A	A	A	A	B	A	A	A	A	A	A	A	A	E	A	A	A	A	A	A	A	Z	A	A	A	A	A	A	A	A	A	A	A	A	A	A	A	A	A	A	A	A	A	I	A	R	A	A	A	A	A	A	A	A	A	A	F	A	A	A	A	A	A	A	A	A	A	A	A	A	A	A	A	A	A	A	R	A	A	C	A	A	B	A	A	A	A	A	A	H	A	A	A	A	A	A	A	A	A	A	A	A	A	A	A	A	A	A	A	A	A	A	A	A
LCC1090	A	B	A	A	C	A	A	A	A	C	A	A	A	A	B	D	A	A	O	D	A	A	A	U	A	A	A	A	E	A	A	A	A	C	B	A	A	A	A	A	A	A	A	G	L	A	A	A	A	A	O	A	D	E	B	A	I	A	C	A	A	A	A	A	A	A	A	A	A	J	E	L	A	A	A	A	A	A	A	C	A	A	A	A	A	A	A	A	A	A	A	A	A	D	A	A	A	A	B	L	A	A	A	A	A	A	A	A	A	H	A	A	A	B	A	A	A	A	C	A	F	A	A	E	A	A	A	A	A	A	A	A	A	A	C	A	A	A	A	A	A	A	L	A	A	A	A	A	A	A	A	A	A	A	A
LCC1091	A	B	A	O	A	A	R	A	A	B	Z	B	C	A	A	A	D	A	A	A	O	A	F	D	A	A	A	A	E	A	A	A	D	B	A	A	A	A	A	A	A	A	A	L	A	A	A	A	A	A	S	A	L	C	C	A	L	A	A	A	G	A	A	B	A	B	A	A	A	F	C	D	A	D	A	A	A	B	A	A	A	B	A	A	A	A	A	F	J	B	A	A	D	A	A	A	D	A	A	A	A	A	A	A	A	A	A	A	A	C	D	A	A	A	D	D	A	E	A	D	B	D	A	A	A	A	B	B	A	C	A	A	A	B	A	A	B	A	A	B	A	A	A	D	A	A	A	A	A	A	A	A	A	A	A
LCC1092	E	C	I	H	A	A	A	A	C	B	A	C	D	A	B	A	A	L	R	B	A	K	A	A	A	A	A	A	A	A	A	A	D	A	A	D	A	A	A	A	A	A	A	A	A	I	A	A	A	E	G	A	A	L	D	A	D	A	A	A	A	A	A	A	A	A	A	N	B	A	B	A	A	A	A	A	B	B	E	A	A	E	A	A	A	B	A	E	A	A	B	A	B	D	A	A	C	A	E	A	C	A	A	A	A	A	A	A	A	A	E	W	A	A	A	A	A	D	A	A	A	A	A	B	A	A	A	A	A	A	A	A	A	A	A	A	B	A	A	A	A	A	A	C	A	A	A	B	A	I	A	E	A	A	A
LCC1093	C	B	B	H	A	R	I	A	A	A	C	C	A	A	B	A	A	A	B	A	A	A	T	A	B	A	A	A	A	A	A	B	A	A	A	E	A	A	D	A	A	M	B	D	A	A	D	A	A	A	L	A	B	D	C	A	R	A	B	A	A	A	A	B	A	A	A	A	A	H	B	D	A	A	D	A	E	B	C	G	A	A	A	A	A	A	A	E	A	A	A	A	A	A	A	C	A	A	A	C	A	A	A	A	A	A	A	A	A	A	A	A	A	A	A	A	A	A	A	D	B	A	B	H	A	A	B	A	A	A	A	A	U	B	B	A	A	A	B	A	A	F	A	D	A	A	A	S	A	A	A	E	A	A	A
LCC1094	E	A	A	F	A	A	A	A	D	A	A	J	A	A	D	A	A	A	I	A	A	A	A	A	A	Z	A	A	A	A	A	A	A	A	A	I	A	A	G	A	A	A	A	A	A	A	A	A	A	A	L	K	C	B	C	A	J	G	A	L	N	A	A	A	B	A	A	A	A	J	B	A	J	A	A	E	A	A	E	I	A	A	B	A	A	F	A	C	E	J	A	C	C	A	A	A	A	A	D	B	A	A	A	A	A	E	A	A	A	A	H	A	A	B	A	A	A	A	A	C	C	A	A	A	A	B	A	A	A	A	A	A	C	A	A	A	C	A	B	E	A	A	A	A	G	F	A	G	A	A	A	E	G	A	C
LCC1095	E	O	A	I	A	A	Z	A	A	A	A	A	A	A	B	A	A	A	A	D	A	G	A	A	A	A	A	A	A	A	A	A	A	A	A	D	A	A	C	A	A	A	A	A	A	C	A	A	A	A	R	A	A	B	B	A	H	A	A	A	E	B	B	A	A	A	A	A	A	E	A	C	A	C	A	A	A	A	A	B	A	A	A	A	A	A	A	C	A	A	A	A	B	A	A	A	A	A	E	C	A	A	A	A	A	A	A	A	A	A	A	A	A	A	A	A	A	F	E	A	F	A	A	J	A	A	A	A	A	A	A	A	F	A	A	A	A	A	A	A	A	A	I	A	A	A	A	A	A	A	A	A	A	A	A
LCC1096	G	S	A	M	A	B	C	A	A	A	F	B	A	A	A	A	A	C	A	B	A	P	B	A	A	A	A	A	A	A	A	A	A	A	A	A	A	A	A	A	A	A	A	A	A	C	A	A	A	A	I	A	Q	B	K	B	K	A	D	A	E	A	A	A	A	A	A	A	A	N	B	A	A	A	A	A	A	A	A	J	A	D	A	A	B	A	A	E	A	H	A	A	A	A	A	A	A	K	A	A	A	A	A	A	A	A	A	A	A	A	A	A	A	A	A	A	A	A	G	A	J	A	A	F	A	A	A	A	A	A	Y	A	A	A	A	A	A	A	A	A	A	A	A	A	A	A	A	A	A	A	A	A	A	A	A
LCC1097	R	A	D	B	A	A	E	A	A	B	D	A	C	B	A	A	B	C	A	A	A	D	A	A	A	Q	A	A	A	A	A	A	A	A	A	A	A	B	A	Z	A	B	E	H	A	A	A	R	A	A	M	G	A	H	A	D	I	A	A	A	G	A	A	A	E	A	A	A	A	B	C	F	B	A	A	A	A	C	F	K	A	C	A	A	A	A	A	B	A	A	A	A	A	E	A	A	B	A	C	A	C	A	A	A	A	A	A	A	A	A	D	A	A	A	A	A	A	A	A	A	A	A	A	A	A	A	A	A	A	A	A	A	C	E	A	A	A	Z	A	A	A	A	G	A	A	A	A	A	A	A	A	A	A	A	A
LCC1098	Q	A	C	C	A	A	G	A	A	B	D	B	A	A	A	A	D	L	F	D	A	I	B	B	A	A	A	D	A	A	A	A	A	A	A	A	A	A	A	A	A	E	A	J	B	C	A	A	A	A																																																																																																									
LCC1099	A	A	A	J	A	A	D	A	D	C	A	A	A	A	A	A	A	A	A	E	A	A	E	D	A	A	A	I	A	A	A	F	A	A	A	D	A	A	A	A	A	Q	A	B	B	B	D	B	A	A	V	A	D	C	A	A	A	A	A	A	A	A	A	A	A	A	A	B	A	I	L	E	B	A	B	A	A	B	A	A	A	A	A	D	B	A	A	A	B	A	A	A	E	A	A	A	A	A	A	F	A	B	A	A	A	A	A	A	A	B	A	A	A	A	A	A	A	A	A	G	A	A	A	B	B	A	A	A	A	Z	A	G	A	A	H	A	A	A	A	A	A	A	A	A	A	A	A	A	A	A	A	A	A	A	A
LCC1100	A	A	A	L	A	A	A	A	R	A	A	A	A	A	A	A	A	A	A	A	A	A	A	A	F	A	A	A	A	A	A	A	B	A	A	G	A	A	A	A	B	A	A	A	A	A	A	A	A	A	V	A	C	A	A	B	O	A	A	B	A	A	A	A	F	A	A	A	A	F	B	B	A	A	A	O	A	A	D	F	A	B	A	A	A	A	B	G	B	C	A	A	B	A	A	A	A	B	A	A	A	A	A	A	A	A	A	A	A	A	A	F	A	A	A	A	A	A	B	B	H	A	A	G	A	A	A	A	A	A	A	A	A	A	A	A	A	A	A	H	A	A	C	A	A	A	A	D	A	A	A	A	A	A	A
LCC1101	A	A	A	A	A	A	A	A	Z	A	A	A	A	A	B	A	A	A	A	A	A	A	A	A	A	A	A	A	A	C	A	K	A	A	G	Z	A	A	A	A	A	A	A	A	A	E	A	A	A	A	V	A	D	C	B	A	K	D	A	A	A	A	A	A	A	A	A	A	A	B	C	A	A	A	A	A	A	A	A	B	A	E	A	A	B	A	A	J	A	A	A	D	E	C	A	A	C	A	G	A	A	A	A	A	A	A	A	A	A	A	A	A	A	A	A	H	A	B	A	A	A	A	A	D	B	A	A	B	A	A	A	A	A	H	A	A	A	A	A	E	A	A	C	A	P	A	H	D	A	A	A	A	A	A	A
LCC1102	C	J	E	K	D	N	F	D	A	B	L	A	A	A	A	A	B	I	A	D	A	I	G	A	A	A	A	B	A	A	A	A	A	A	A	B	A	A	B	E	B	A	A	A	A	A	A	A	A	A	O	G	G	C	B	B	J	A	A	A	G	A	B	A	E	A	A	A	A	C	G	C	M	A	A	A	A	B	E	H	A	A	A	A	A	A	A	E	B	B	A	A	A	A	A	A	A	A	B	A	A	A	A	A	A	A	A	A	A	B	A	A	A	A	A	A	A	D	A	C	B	A	A	A	A	B	A	C	A	A	A	A	A	A	A	A	B	A	A	A	A	A	A	A	E	F	D	A	A	Z	A	B	C	A	F
LCC1103	I	A	A	M	D	A	B	A	B	A	D	A	E	A	A	A	A	Y	A	B	A	A	B	A	C	A	E	A	A	A	A	A	A	A	A	F	A	A	A	A	A	A	A	A	A	A	A	A	A	A	U	A	B	P	B	A	H	A	A	A	A	A	A	A	A	A	A	A	A	C	J	D	A	A	B	A	A	A	A	K	D	D	A	A	A	A	A	C	L	A	A	A	A	A	A	A	B	A	A	A	B	A	A	A	A	A	A	A	A	C	A	A	A	A	A	A	A	A	A	M	A	A	A	A	H	F	E	A	A	E	A	A	A	A	B	A	A	A	A	C	A	A	A	A	A	A	A	A	A	A	A	A	A	A	A
LCC1104	S	A	G	C	A	A	A	A	A	A	C	B	A	A	A	A	A	A	G	A	A	A	A	A	A	A	A	A	A	A	A	B	A	A	A	A	A	A	C	N	A	B	Z	A	A	A	A	A	A	A	U	A	C	F	A	A	P	A	A	A	A	A	A	A	A	A	A	A	A	G	E	J	A	A	A	A	A	A	I	G	A	A	A	A	A	D	A	A	A	A	B	A	F	L	A	A	C	A	A	C	B	A	A	A	A	A	A	A	C	B	A	A	A	A	A	F	A	A	B	A	A	A	A	A	E	A	G	A	B	A	A	A	A	D	F	Q	A	A	A	G	A	M	A	A	A	A	A	A	A	A	A	A	A	A	A
LCC1105	C	A	A	K	A	C	A	A	A	D	A	A	A	A	E	A	A	A	F	A	A	A	A	A	A	A	A	A	B	A	A	A	C	A	A	A	A	A	E	A	A	C	A	A	A	A	A	A	A	D	N	A	A	A	H	A	J	A	A	A	A	A	A	A	A	A	A	J	A	F	B	B	A	A	A	A	A	A	Y	C	A	A	A	A	A	A	A	A	A	F	A	A	A	A	A	G	A	A	A	A	A	A	A	A	A	A	A	A	A	C	A	D	A	A	A	A	A	A	A	A	B	A	A	L	A	A	A	A	A	A	A	A	A	A	A	A	A	A	A	A	B	A	A	A	A	A	A	A	A	A	A	A	A	A	A
LCC1106	H	I	Z	C	A	G	A	A	A	A	C	A	A	A	E	A	B	J	A	A	A	B	A	A	A	A	A	A	A	A	A	B	A	A	A	B	A	A	B	A	A	A	A	A	F	A	A	A	A	A	A	A	A	Z	T	A	A	A	A	A	A	A	A	A	A	A	A	A	A	A	A	A	A	A	A	A	C	A	A	A	A	A	A	A	A	A	A	A	A	A	A	A	A	A	A	A	A	A	A	A	A	A	A	A	A	A	A	A	A	A	A	A	A	A	A	A	A	C	A	A	A	A	F	A	A	A	A	A	A	A	A	A	A	A	A	A	A	A	A	A	A	A	A	A	A	A	A	A	A	A	A	A	A	A	A
LCC1107	E	A	K	A	A	A	A	A	A	H	E	A	F	A	C	A	B	A	C	D	C	D	A	G	A	A	C	E	C	H	A	E	A	B	B	A	A	N	A	A	A	A	F	A	A	A	A	A	A	A	A	A	A	A	H	A	A	A	A	A	A	A	A	A	A	A	A	A	A	A	A	A	A	A	A	A	Z	B	A	A	A	B	A	A	A	A	A	A	A	A	A	A	A	A	A	A	A	A	A	A	A	A	A	A	A	A	A	A	A	A	A	A	A	A	A	A	A	D	A	A	A	A	A	A	A	A	A	A	A	A	A	A	A	A	A	A	A	A	A	A	A	A	A	A	A	A	A	A	A	A	A	A	A	A	A
LCC1108	A	A	C	P	A	A	A	A	B	A	F	B	A	A	C	A	D	K	A	A	A	A	A	C	A	A	I	P	O	A	A	A	A	A	A	A	A	A	A	A	A	C	A	E	A	A	A	A	A	A																																																																																																									
LCC1109	A	A	A	D	A	A	A	A	A	Z	A	A	A	A	A	A	B	A	D	A	A	A	A	A	A	A	A	A	B	A	A	A	A	A	A	A	A	A	A	A	A	A	A	A	A	A	A	A	A	A	U	A	L	A	B	A	I	A	A	A	O	A	A	A	A	A	A	A	A	I	M	B	A	A	A	A	A	A	A	D	A	B	A	A	A	A	A	D	A	A	A	A	A	A	A	A	A	K	E	A	A	A	A	A	A	A	A	A	A	A	A	A	A	A	A	A	A	C	C	A	H	A	A	A	A	A	A	A	A	A	A	A	A	A	B	F	A	C	A	A	A	A	A	A	A	H	A	A	A	A	A	A	A	D	A
LCC1110	A	A	A	F	A	A	A	A	A	D	F	A	B	B	A	A	C	E	A	A	A	E	A	X	A	A	A	A	C	A	C	A	A	A	A	A	A	B	B	A	A	I	C	D	A	A	A	K	A	A	C	D	B	L	C	A	A	A	A	A	A	A	A	A	A	A	Z	B	A	O	G	E	B	E	B	A	B	Q	N	F	C	C	A	A	B	E	A	F	A	A	A	A	Q	A	E	A	A	A	C	B	A	Z	G	A	A	E	A	A	S	B	A	A	A	A	A	L	Z	A	A	A	A	A	A	B	J	C	M	A	B	B	B	E	A	A	A	G	A	A	A	A	C	A	A	A	A	A	A	A	A	A	A	A	A	A	A
LCC1112	A	A	A	A	A	A	A	A	A	B	A	A	A	A	V	A	A	A	A	A	A	A	A	A	A	A	A	A	A	A	A	A	A	A	A	A	A	A	A	A	A	A	A	A	A	A	A	A	A	A																																																																																																									
LCC1113	D	E	A	H	A	A	L	A	A	B	G	A	B	C	A	B	B	D	A	A	A	E	A	E	A	A	A	A	A	A	A	A	A	A	A	A	A	A	B	A	A	R	A	A	A	A	A	H	A	A	P	A	A	B	C	A	O	A	A	A	F	A	A	A	A	A	A	A	C	H	A	C	A	B	B	A	A	A	A	D	A	A	A	A	A	B	A	B	A	B	A	A	A	B	A	A	B	A	A	K	A	A	A	A	A	A	A	A	A	A	A	A	A	D	A	B	A	B	A	B	D	A	D	H	A	A	A	A	A	A	A	A	M	A	A	A	E	F	B	G	A	A	E	A	B	A	A	A	A	A	A	A	A	A	A
LCC1114	M	A	B	A	A	A	A	A	B	A	A	A	A	A	C	A	A	B	N	A	A	C	A	A	A	J	A	A	A	M	A	A	A	A	O	B	A	A	A	A	A	C	A	A	A	B	A	A	A	A	Q	A	A	A	A	A	Q	B	B	A	D	D	A	D	D	A	A	A	B	Z	C	B	D	A	A	T	A	D	A	D	A	C	A	A	A	A	A	E	R	A	A	A	C	B	B	A	A	A	K	A	F	A	A	D	N	A	F	A	A	A	G	A	Q	A	A	F	A	A	A	A	A	A	A	F	B	A	D	A	A	A	A	A	B	G	A	C	A	A	C	F	A	B	A	D	B	B	A	A	C	A	A	F	A	A	C
LCC1115	H	A	A	M	A	A	A	A	A	B	A	B	A	A	C	A	A	A	B	I	A	A	A	A	A	A	A	A	A	A	A	A	A	A	A	A	A	A	A	A	A	A	A	A	A	A	A	A	A	A	O	A	C	E	B	A	M	A	A	B	G	C	A	A	A	A	A	A	A	E	E	C	F	A	A	A	A	A	A	F	A	A	A	A	B	A	D	B	A	A	A	A	D	B	A	A	A	A	C	A	A	A	A	A	A	A	A	A	A	B	A	A	A	B	A	C	A	C	G	B	A	A	A	A	B	A	A	A	B	A	G	A	X	E	A	A	B	C	A	A	A	K	A	A	G	Z	A	A	A	A	A	C	A	G	A
LCC1116	T	C	E	B	A	A	A	A	A	B	F	A	B	A	A	A	B	I	B	B	A	A	A	A	A	E	A	A	A	A	M	A	A	A	A	A	A	A	A	A	A	F	A	A	A	A	A	A	A	A	H	C	B	H	E	A	A	A	C	A	A	A	A	T	A	B	A	A	F	E	L	G	A	A	K	A	A	D	B	E	K	A	A	C	A	A	A	C	B	A	A	A	D	Z	A	A	V	A	E	D	A	G	A	A	A	A	A	A	N	B	A	A	A	A	D	M	A	B	D	I	A	A	A	B	E	A	A	A	D	I	B	A	F	A	F	A	A	A	A	G	T	D	A	Y	A	A	A	A	A	A	A	A	A	A	A
LCC1117	A	A	A	B	A	A	A	A	D	B	A	H	A	A	B	A	A	D	A	A	A	A	A	A	E	A	A	A	A	A	A	C	A	A	A	E	A	A	Z	A	A	A	A	A	A	A	A	A	A	A	A	A	B	A	G	A	A	A	A	A	A	A	A	A	A	A	A	A	A	A	A	A	A	A	A	A	A	T	A	A	A	A	A	A	A	A	A	A	A	A	A	A	A	A	A	A	A	A	A	A	A	A	A	A	A	A	A	A	A	A	A	A	A	A	A	A	A	A	A	A	A	A	A	A	A	A	A	A	A	A	A	A	A	A	A	A	A	A	A	A	A	A	A	A	A	A	A	A	A	A	A	A	A	A	A
LCC1118	A	F	F	F	A	A	K	A	A	D	L	C	D	A	A	A	C	E	B	A	N	A	B	Q	A	A	A	E	A	A	A	A	A	A	A	A	A	B	A	A	A	H	B	A	A	A	A	B	D	A	J	A	A	B	M	A	A	A	D	A	A	A	A	A	A	A	A	B	D	F	B	C	A	A	D	A	A	E	B	L	A	A	A	A	A	A	A	E	A	H	A	A	H	A	A	C	A	A	A	A	A	A	A	A	A	A	A	A	A	B	A	A	A	A	A	B	A	A	A	A	F	C	A	X	A	A	A	A	A	A	A	U	A	A	E	A	A	A	A	A	A	A	A	A	A	A	A	A	A	A	E	A	A	A	A
LCC1119	L	A	B	G	C	A	B	I	A	A	C	M	A	A	A	A	A	A	K	B	A	D	A	A	A	A	A	A	A	A	A	A	A	A	A	B	A	A	A	A	N	A	A	A	A	A	A	A	A	A	Q	A	A	A	A	G	A	A	A	A	A	A	A	A	A	A	A	A	A	A	A	A	A	A	A	A	C	A	A	A	A	H	A	A	H	A	A	A	A	A	A	A	A	A	A	A	A	A	A	A	C	A	A	A	A	A	A	A	A	A	A	L	A	A	A	A	A	A	A	A	A	A	A	A	A	A	A	A	A	A	A	A	A	A	A	A	A	A	A	A	A	A	A	A	A	A	A	A	A	A	A	A	A	A	A
LCC1120	F	P	A	L	A	A	A	A	A	B	O	C	A	A	A	A	G	E	A	G	A	A	A	A	A	A	A	G	A	A	A	A	A	A	A	A	A	A	A	A	A	A	A	E	A	A	A	A	A	D	R	J	A	G	A	A	C	A	A	A	A	B	A	C	A	A	A	A	A	C	C	D	A	A	A	A	A	C	A	A	B	A	A	A	A	B	A	A	D	A	A	A	A	E	B	A	D	A	A	D	C	A	O	A	B	A	B	A	A	A	D	A	A	A	A	A	G	A	A	D	A	A	A	A	C	A	A	A	B	B	A	A	A	A	C	G	A	A	A	A	A	A	A	A	A	A	A	A	A	C	D	A	N	A	A
LCC1121	A	A	A	I	A	A	A	A	A	P	A	A	A	A	A	C	A	A	A	F	A	A	A	A	D	A	B	A	F	A	A	A	A	A	A	A	A	A	A	A	B	B	A	G	A	A	A	A	A	A	P	A	A	A	B	A	A	A	A	A	E	A	A	A	A	A	A	A	A	A	C	E	A	B	A	A	A	A	D	A	A	M	A	A	B	A	Z	C	A	A	A	A	A	A	A	A	A	B	C	A	C	A	A	A	A	A	A	A	A	A	A	A	A	A	A	A	A	A	Q	A	B	D	A	D	A	G	A	A	A	A	A	A	A	A	A	A	A	A	A	A	A	A	M	A	A	A	A	A	A	A	A	A	A	A	A
LCC1122	I	W	B	F	A	J	E	D	A	A	P	A	C	A	A	A	A	K	A	A	A	O	G	A	A	B	A	C	A	A	A	H	A	A	A	B	A	A	B	F	A	A	A	A	A	A	A	A	A	A	V	A	B	B	A	A	F	A	A	A	A	A	A	A	A	A	A	A	A	C	A	B	A	A	A	A	A	A	A	E	A	B	A	A	A	A	A	A	K	A	A	A	C	G	A	A	A	A	E	A	A	A	A	A	A	A	A	A	A	A	A	A	A	A	A	B	A	C	A	A	B	A	B	D	D	A	A	A	A	A	A	A	A	A	A	A	D	A	A	G	A	A	L	A	K	A	A	A	E	A	A	A	A	A	A
LCC1123	A	A	A	P	A	A	A	A	B	A	A	A	A	A	A	A	A	A	A	A	A	A	A	A	Z	A	A	A	A	A	A	A	J	A	A	I	A	A	A	A	A	A	A	A	A	A	A	A	A	A	A	A	F	N	H	A	A	A	A	A	A	A	A	A	A	A	A	K	A	A	F	A	A	A	A	A	F	P	H	A	A	A	A	F	A	A	A	A	A	A	A	A	A	A	A	K	A	A	A	A	F	A	A	A	A	A	A	A	A	A	A	B	A	A	A	A	A	B	A	A	D	A	A	F	A	A	A	A	K	H	A	A	A	A	A	A	A	A	A	A	A	A	A	A	A	A	A	A	A	A	A	A	A	A	A
LCC1124	O	F	E	A	A	P	A	A	A	A	E	B	C	B	A	A	B	G	J	A	A	H	A	A	A	C	A	B	A	H	B	A	B	A	A	A	A	F	B	A	A	A	A	A	A	A	A	A	A	A	G	A	E	K	G	A	H	A	T	A	A	A	A	A	A	G	A	C	Z	E	E	B	A	A	I	A	A	D	E	D	D	A	A	A	A	D	A	D	B	A	A	A	P	K	A	A	F	C	A	F	C	A	Y	A	A	A	C	L	A	A	A	A	A	C	A	B	A	A	B	F	H	A	A	B	E	B	E	A	A	D	A	A	A	B	I	A	A	A	A	A	E	A	A	A	A	A	A	A	A	A	B	A	A	B	A
LCC1125	H	D	K	E	A	A	B	A	A	A	F	A	D	A	A	A	C	F	A	A	E	D	A	A	A	A	A	E	A	A	B	B	A	A	A	A	A	B	A	A	A	A	A	A	A	A	A	A	A	A																																																																																																									
LCC1126	E	B	A	J	A	A	B	A	B	B	A	A	A	A	D	A	A	A	A	A	A	C	C	A	A	A	A	A	A	A	A	A	F	A	A	B	A	A	C	A	D	K	A	A	A	R	A	A	A	A	A	A	O	B	I	A	C	A	A	A	A	A	A	A	A	A	A	L	A	A	A	A	A	A	B	A	B	X	G	A	A	H	A	A	B	A	A	E	A	A	A	A	A	A	A	V	A	A	A	A	E	A	A	A	A	A	A	A	A	A	A	M	A	A	A	A	A	A	A	A	A	A	A	B	A	A	A	A	A	A	A	A	A	A	A	A	A	A	A	A	E	A	A	A	A	A	A	A	A	A	A	A	A	A	A
LCC1127	A	A	A	M	A	A	A	A	E	A	A	B	A	A	G	A	A	A	A	B	A	A	B	A	A	A	A	A	A	C	A	F	A	C	B	E	A	A	A	A	N	A	A	A	A	G	A	A	F	A	V	A	C	D	B	A	L	A	D	A	A	A	A	A	A	A	A	A	B	E	A	E	A	A	C	A	A	C	B	G	A	A	A	A	A	A	A	B	A	A	E	A	A	E	A	E	C	A	A	C	A	B	A	A	A	A	A	A	A	B	A	A	A	A	A	F	A	A	A	A	A	A	A	B	E	A	C	A	B	A	A	A	A	C	A	A	F	A	A	E	A	A	A	C	A	A	A	A	A	B	B	A	A	A	A
LCC1128	A	A	A	G	A	A	A	A	A	K	A	A	A	A	B	A	A	A	A	L	D	A	A	A	P	A	D	A	Z	A	A	A	A	A	A	A	A	A	A	A	A	A	A	A	A	B	A	A	A	E	X	A	A	A	E	A	A	A	C	A	A	A	A	A	A	A	A	A	A	F	B	A	A	A	A	A	A	A	A	A	A	C	A	A	F	A	A	C	A	A	A	A	A	A	A	B	A	B	A	A	A	A	A	A	A	A	A	A	A	B	A	A	A	A	A	A	A	A	A	A	D	A	A	A	A	A	A	A	C	A	A	A	A	A	B	A	A	A	A	A	A	A	A	A	A	A	A	A	A	A	A	A	A	A	A
LCC1129	C	A	A	F	I	A	C	A	B	A	E	Z	A	A	A	A	A	D	A	A	A	A	A	A	A	A	A	A	A	A	A	D	A	A	A	B	A	A	O	A	A	D	A	A	A	B	B	A	A	A	H	A	O	A	R	A	I	A	G	A	A	A	A	A	A	A	A	A	A	C	A	A	A	A	A	A	A	A	A	B	A	A	A	A	A	A	V	B	A	Z	A	A	A	A	A	A	A	G	A	A	A	A	A	A	A	A	A	A	A	A	A	A	A	A	A	A	A	C	C	A	A	A	B	A	A	A	A	A	A	A	U	A	A	A	A	A	A	A	A	A	A	A	A	A	A	A	A	A	A	A	A	A	A	A	A
LCC1130	A	A	A	W	C	A	A	A	A	A	A	A	A	A	C	A	A	A	A	A	A	A	A	A	D	A	A	A	A	A	A	A	A	A	A	A	A	A	A	A	A	A	A	A	A	A	A	A	A	A	M	A	A	C	C	A	A	A	C	A	A	A	A	A	A	T	I	C	A	I	C	D	J	A	D	A	A	M	I	J	A	A	A	A	A	J	A	A	D	B	A	A	A	A	A	E	A	A	B	F	A	A	A	A	A	A	A	A	H	B	A	A	A	A	A	A	A	A	B	B	A	A	A	E	A	A	E	A	A	A	A	Z	A	A	C	A	A	A	D	C	N	A	P	G	A	A	A	A	A	A	A	A	A	A	A
LCC1131	B	A	F	A	A	K	A	A	A	A	E	C	A	A	A	A	A	C	A	A	E	A	A	A	A	D	A	A	A	A	E	A	A	E	A	A	B	O	A	B	A	A	B	A	A	A	C	A	A	A	P	A	B	E	B	A	A	A	A	A	A	A	A	A	A	A	A	B	H	K	H	C	F	J	D	A	A	D	B	F	B	G	A	A	A	A	A	A	A	A	A	A	B	A	A	L	B	A	A	F	A	B	C	A	A	A	D	I	E	B	A	D	A	A	A	R	A	A	A	I	A	A	A	A	D	B	A	A	C	D	A	F	A	G	X	A	A	A	L	A	D	A	A	A	A	A	A	A	A	A	T	A	A	A	A
LCC1132	A	B	A	M	C	A	B	A	A	C	A	A	A	A	B	A	A	A	B	Q	A	A	I	A	A	A	B	A	A	A	A	A	A	A	A	A	Z	A	A	A	A	A	A	A	A	A	A	A	A	A	N	A	A	A	B	B	A	A	A	A	A	A	B	A	A	A	A	A	A	A	A	A	A	A	A	A	E	A	A	B	A	Z	A	A	B	A	A	A	A	A	A	A	A	A	A	A	A	Z	A	A	A	A	A	A	A	A	A	A	A	A	A	A	A	A	A	A	A	A	A	A	C	A	A	C	A	A	A	A	A	A	A	A	A	A	A	A	A	C	A	A	A	A	A	A	A	A	A	A	A	A	A	A	A	A	A
LCC1133	A	A	A	H	A	A	A	A	A	G	A	B	A	A	C	A	Z	Z	B	A	A	A	A	N	A	A	C	A	E	A	A	A	A	A	A	A	B	A	A	A	A	A	A	E	A	A	A	A	A	G																																																																																																									
LCC1134	T	A	E	B	A	A	A	A	C	A	P	D	G	A	A	A	A	H	A	C	A	A	A	A	A	A	A	U	A	A	A	C	A	A	A	B	A	A	A	A	A	A	A	A	A	A	C	A	A	A	Y	A	B	A	A	A	A	A	E	A	A	A	A	A	C	A	A	A	A	C	B	A	A	A	A	A	A	B	C	B	A	F	A	A	A	B	A	A	A	A	A	A	A	A	A	B	A	A	A	E	A	A	A	A	A	A	A	A	A	A	A	A	A	A	A	A	A	A	A	B	A	B	A	A	B	A	A	A	A	B	A	G	A	E	A	A	A	C	G	C	A	A	A	A	D	A	A	A	A	A	A	A	A	A	A
LCC1135	N	A	G	A	A	A	A	A	A	A	B	A	A	C	A	A	A	C	B	B	A	A	A	A	A	A	A	A	A	A	B	A	B	A	A	A	A	A	A	A	A	A	C	A	A	A	A	A	A	A	U	G	D	D	A	B	E	D	A	D	F	E	A	A	A	A	A	A	A	D	A	A	A	A	A	B	B	A	A	B	A	A	B	A	A	A	A	A	A	A	A	B	B	B	A	A	B	C	A	A	A	A	A	A	A	A	A	A	A	A	A	A	A	B	C	A	A	F	D	B	A	A	A	A	A	A	A	A	A	A	A	A	A	A	A	A	B	A	A	A	A	H	A	A	D	D	A	D	B	A	A	A	A	A	A
LCC1136	S	A	D	B	C	A	A	A	D	A	F	A	B	A	A	A	A	G	B	A	A	A	A	A	F	A	A	A	A	A	A	B	A	A	A	E	A	C	A	A	A	A	E	A	A	A	A	A	A	A	Q	A	D	C	B	A	N	P	B	A	G	A	A	A	G	C	A	A	F	G	D	B	A	A	A	A	A	A	B	C	A	B	A	A	A	A	A	D	I	A	B	A	F	K	A	A	I	A	V	E	B	A	A	A	A	A	A	A	B	B	D	A	A	A	D	D	A	A	A	B	A	A	A	C	B	A	A	C	A	A	A	A	A	A	C	A	A	A	A	E	A	A	A	A	D	M	A	A	A	A	A	C	A	A	E
LCC1137	A	H	A	P	A	A	K	A	A	A	L	A	A	A	A	A	A	A	A	I	A	A	D	A	H	A	A	A	A	A	A	A	A	A	A	A	A	A	A	A	A	A	A	A	A	A	A	A	A	A	R	B	F	D	A	A	G	A	B	A	H	A	B	A	A	A	A	A	A	F	B	C	A	B	A	A	A	A	A	E	A	A	A	A	A	A	G	B	A	A	A	A	C	B	A	A	C	A	C	D	B	A	A	A	A	A	A	A	A	B	A	A	A	A	A	A	A	D	C	A	B	F	A	A	A	A	B	A	A	A	E	A	B	A	A	A	F	A	A	B	A	D	F	A	E	A	B	A	A	A	A	A	A	A	A
LCC1138	I	D	G	A	A	U	A	A	A	D	I	B	D	A	A	C	C	J	H	A	F	N	A	C	A	A	A	B	F	D	A	A	A	A	A	A	A	A	A	A	A	C	A	A	G	A	D	A	A	A	K	B	A	A	B	A	E	E	D	A	A	A	A	A	A	A	A	A	B	B	A	A	A	A	A	J	B	A	A	A	A	A	A	A	A	A	A	A	A	A	A	A	A	A	A	A	A	A	A	C	A	A	A	A	A	M	A	A	A	A	A	A	A	A	A	A	A	A	A	A	B	A	A	B	A	A	A	A	A	A	A	A	D	A	A	A	Z	A	B	B	A	A	A	A	A	A	A	C	C	A	F	G	A	A	A
LCC1139	O	D	A	D	A	P	C	A	A	A	C	A	D	A	A	A	A	A	S	A	A	G	A	A	A	A	A	A	A	A	A	A	A	A	A	A	A	A	A	C	A	H	A	A	A	B	A	A	A	A	R	A	E	B	B	C	H	E	A	C	H	D	A	C	J	A	A	A	A	C	D	A	A	D	A	A	A	A	A	B	H	A	A	A	A	A	A	A	A	A	D	A	C	C	A	A	C	A	B	B	A	A	A	C	M	H	A	A	B	A	D	A	C	A	D	B	A	A	A	I	A	A	A	A	A	A	A	A	A	A	A	A	A	A	A	A	A	A	A	A	A	A	A	C	D	B	A	A	D	A	A	D	A	A	A
LCC1140	A	B	G	O	A	A	A	A	A	B	A	A	B	A	A	B	A	D	M	A	A	A	A	A	A	A	A	A	A	A	A	A	A	A	A	A	A	A	A	A	A	H	A	A	A	A	A	A	A	A	V	A	B	D	A	A	D	A	C	A	A	A	A	A	A	A	A	A	A	D	A	E	A	A	A	A	A	C	B	G	A	A	A	F	A	B	A	A	A	A	A	A	B	B	A	A	B	A	A	I	A	A	A	A	A	A	A	A	A	A	A	A	A	A	A	A	A	A	A	B	B	A	A	A	A	A	A	A	A	A	A	A	A	C	A	A	A	A	A	A	C	A	K	A	A	A	A	A	Z	A	A	A	A	A	A
LCC1141	A	E	A	S	A	A	A	A	B	A	A	K	A	A	A	A	A	A	A	A	A	A	A	A	I	A	A	A	A	A	A	A	M	A	A	I	A	A	A	A	A	A	A	A	A	A	A	A	A	A	Y	A	A	D	A	A	A	A	A	A	A	A	B	A	A	A	A	A	A	F	C	F	A	A	A	A	A	A	A	G	A	K	A	A	A	A	A	A	A	A	A	A	B	A	A	A	H	A	A	B	B	A	A	A	A	A	A	A	A	E	A	A	A	A	A	C	A	A	B	C	A	D	A	A	A	G	A	A	A	A	A	A	A	F	A	A	A	A	A	A	A	A	A	A	A	A	A	A	A	A	A	A	A	A	A
LCC1142	D	H	A	H	A	A	L	A	A	B	G	A	B	A	B	D	E	K	A	A	A	L	A	A	A	A	A	A	A	A	A	A	A	A	A	A	A	A	A	A	A	Q	C	A	A	A	A	V	B	A	S	A	B	B	B	A	K	A	B	A	L	A	A	F	B	G	A	A	Q	F	B	B	E	A	A	A	A	B	C	A	A	A	A	B	A	F	A	C	C	D	A	A	B	A	A	A	A	A	A	A	A	A	A	A	A	A	A	A	B	A	A	A	A	A	A	A	A	A	A	D	D	D	A	J	B	A	A	A	A	A	A	B	A	A	A	A	D	A	H	D	B	A	E	A	E	A	A	A	A	A	A	A	A	D	A
LCC1143	A	A	A	V	A	A	A	A	A	C	A	A	A	A	B	A	B	A	A	A	A	A	A	D	A	A	A	A	A	A	A	A	A	A	A	A	A	A	A	A	A	A	A	A	A	A	A	A	A	A	L	A	A	E	G	B	A	A	C	A	O	K	A	A	K	A	A	A	H	H	E	M	A	A	C	A	A	A	C	D	A	B	A	A	A	D	A	A	A	D	A	A	B	A	A	A	A	A	A	M	A	A	A	A	A	A	A	A	A	B	F	A	A	A	A	G	A	A	E	A	A	A	A	A	A	A	B	A	A	A	A	A	A	A	A	A	A	A	A	A	B	A	A	A	W	A	A	A	A	A	A	A	Z	A	A
LCC1144	A	A	J	D	A	A	A	A	B	B	E	K	E	Z	A	A	A	B	A	D	A	A	A	B	A	A	A	C	A	A	A	B	A	K	A	A	A	C	E	I	A	A	F	G	A	A	B	A	A	A	A	A	B	J	A	A	A	A	A	A	A	A	A	A	A	B	B	K	A	L	P	J	M	A	Z	A	A	D	A	A	A	A	A	B	A	B	B	A	A	A	D	A	H	D	B	G	L	A	B	A	C	B	A	A	A	D	A	A	A	D	D	A	C	A	A	F	A	A	A	Z	A	R	A	A	E	A	E	C	B	E	A	A	A	B	X	A	A	A	A	A	E	A	A	A	A	A	A	A	A	N	A	A	A	A	A
LCC1145	A	C	E	D	A	A	A	A	I	B	A	A	A	A	C	A	A	A	C	F	A	A	A	A	J	B	A	A	A	A	A	M	C	A	L	H	A	A	A	A	A	B	A	A	A	A	I	A	A	A	A	A	D	B	E	A	A	A	C	A	A	A	A	A	A	A	A	S	M	D	G	K	A	A	A	A	A	F	C	B	I	A	A	A	F	A	A	B	A	A	A	A	H	A	A	U	A	A	A	B	B	F	H	A	A	A	A	A	A	A	A	Z	A	A	A	A	A	A	A	B	A	A	A	B	B	A	A	A	B	A	A	A	A	A	A	A	A	A	A	C	C	A	A	A	A	A	A	A	A	A	A	A	A	A	A
LCC1146	N	B	A	E	A	L	C	D	B	A	A	A	A	A	A	A	A	F	A	B	A	M	B	A	A	A	A	A	A	A	A	A	A	A	A	A	A	A	A	G	A	M	A	A	A	A	A	A	A	A	U	A	A	D	A	B	A	A	A	A	A	D	A	D	F	A	A	A	F	F	J	B	B	A	A	A	A	B	A	B	A	A	A	C	D	A	A	C	D	A	C	A	B	D	A	A	D	A	A	E	A	A	A	A	A	A	A	A	A	A	F	A	A	A	G	C	A	B	A	H	A	A	A	A	A	D	B	D	A	A	A	D	A	A	B	A	A	A	A	E	B	E	A	A	N	A	A	A	A	A	I	A	A	F	A
LCC1147	H	B	F	D	A	A	C	A	A	K	A	B	A	A	A	A	D	H	A	C	A	A	B	A	B	D	A	A	B	A	L	A	A	A	A	A	A	A	A	F	A	D	A	A	A	A	A	A	A	E	O	A	B	F	D	A	A	A	B	A	A	H	A	A	A	A	A	A	A	F	K	J	A	A	A	A	A	A	A	O	A	A	A	A	E	A	R	C	A	A	A	A	B	A	A	A	I	A	A	A	A	A	A	A	A	A	A	A	A	X	A	A	A	A	A	A	A	A	A	A	E	A	A	A	A	A	A	A	I	A	A	A	A	Z	E	A	A	A	A	A	A	A	A	A	A	A	A	A	A	A	A	A	A	A	A
LCC1148	A	A	J	D	A	A	A	A	A	Q	A	A	A	A	B	A	B	A	A	D	A	A	A	A	A	A	B	A	D	A	A	A	A	A	A	A	A	A	A	A	A	K	A	F	A	A	A	A	A	A	M	A	H	D	E	A	A	A	A	A	A	A	A	A	A	A	A	B	A	C	A	I	A	A	D	A	F	C	D	E	A	A	A	A	A	A	A	A	A	A	A	A	A	A	A	A	A	A	A	A	A	A	A	A	A	A	A	A	A	E	A	A	A	A	A	M	A	B	A	M	G	A	A	D	A	A	A	A	A	A	A	A	A	F	A	A	A	A	B	A	A	A	A	A	A	A	A	A	A	A	A	A	A	A	A
LCC1149	G	A	I	G	A	I	D	A	A	D	E	B	A	F	F	A	A	G	D	A	A	A	A	A	A	A	A	K	A	B	A	A	A	A	A	D	A	A	A	A	A	A	C	A	A	A	A	A	A	A	U	A	E	B	A	B	L	A	A	A	A	A	A	A	B	A	A	A	A	E	G	A	A	A	A	A	A	A	C	H	A	A	A	A	A	A	B	A	A	A	A	A	F	A	A	A	A	A	A	A	A	A	A	A	A	A	A	A	A	A	A	A	A	E	A	A	A	A	A	A	A	A	A	A	A	F	A	A	A	A	A	A	A	A	A	A	A	L	A	A	A	N	A	A	C	A	A	A	A	A	A	A	A	A	A
LCC1150	B	A	A	G	A	A	A	A	A	A	A	E	A	A	A	A	A	A	A	A	A	A	A	A	A	C	A	A	A	A	A	A	A	A	A	H	Q	A	I	B	B	I	A	A	A	A	C	A	A	A																																																																																																									
LCC1151	A	A	D	F	A	A	A	A	R	B	C	H	C	A	A	A	A	A	A	C	A	A	A	A	A	A	A	B	A	A	A	U	A	B	C	A	A	G	A	A	A	A	O	D	A	A	A	A	A	A	A	A	E	P	F	A	A	A	D	A	A	A	B	A	A	A	A	M	A	H	G	G	A	A	A	A	A	S	M	Z	A	A	A	A	D	A	A	A	A	A	A	A	A	A	A	L	G	A	A	A	C	A	B	A	A	A	A	E	A	C	A	B	A	A	A	D	A	A	A	F	C	A	A	A	Z	L	A	A	Z	A	A	A	A	A	A	A	A	A	A	A	A	A	A	A	A	A	A	A	A	A	A	A	A	A	A
LCC1152	A	I	A	A	A	A	A	A	D	A	A	D	A	A	H	A	A	A	U	F	A	A	A	J	A	A	C	A	A	D	A	A	A	A	A	B	A	A	A	A	F	A	A	A	A	A	A	A	A	A	T	A	E	A	C	A	H	B	B	A	G	A	A	A	A	A	A	A	A	I	D	A	A	A	A	B	A	A	E	A	A	B	A	A	A	A	A	F	A	A	A	G	A	A	A	A	A	A	A	A	A	A	A	A	A	A	A	A	A	A	B	A	A	B	A	A	A	A	A	A	H	A	A	H	A	A	A	A	A	A	A	A	A	A	B	A	A	A	U	A	A	A	A	A	C	D	A	B	B	A	A	J	A	A	A
LCC1153	A	C	C	N	B	A	D	A	D	B	L	B	E	A	B	A	A	H	C	C	A	A	A	C	D	A	A	A	C	A	A	F	A	A	A	I	A	A	A	A	A	B	A	A	A	A	A	A	A	A	P	A	B	C	A	A	A	B	A	C	G	F	A	A	D	A	A	A	H	E	C	C	A	A	A	A	A	A	C	J	A	A	C	A	A	A	A	D	F	A	A	A	D	D	A	A	A	A	B	A	E	A	A	A	A	F	A	A	B	B	A	A	A	A	A	J	A	A	A	A	A	A	E	A	A	A	B	A	D	A	A	A	A	G	A	F	A	A	A	A	A	T	A	A	D	A	A	F	A	A	A	D	B	A	A
LCC1154	K	A	D	D	B	A	B	A	B	A	B	C	D	D	A	A	A	E	K	B	A	G	A	A	A	A	A	B	A	A	A	Z	A	A	A	C	A	A	A	A	A	M	A	A	A	B	A	A	A	A	J	P	A	A	B	A	G	B	B	L	A	A	A	A	Q	A	A	A	I	C	C	B	A	A	A	Z	B	A	A	C	B	A	B	A	A	A	A	B	E	A	C	A	C	B	B	A	A	A	B	A	A	A	A	A	C	A	C	A	C	A	D	A	D	A	A	A	C	A	B	A	A	B	A	C	A	A	D	A	A	A	A	A	B	D	A	A	A	A	A	A	A	A	D	A	F	A	A	D	A	A	A	A	A	A	A
LCC1155	O	D	A	D	C	A	A	A	A	A	D	A	A	A	C	A	A	A	B	A	C	I	B	A	B	B	B	A	A	A	A	A	A	A	A	A	A	A	A	A	A	G	A	A	T	A	A	A	A	A	Q	A	E	A	D	A	A	A	B	A	A	A	A	A	A	A	A	E	A	E	A	C	A	A	A	A	A	B	E	N	A	E	A	A	Z	A	A	O	A	A	A	A	A	A	A	A	F	W	A	A	G	A	A	A	A	A	A	A	A	A	A	A	A	A	A	A	A	A	D	A	A	A	A	A	A	A	A	A	A	A	A	A	A	A	A	A	A	A	A	A	A	A	A	A	A	A	A	A	A	A	A	A	A	A	A
LCC1156	C	C	A	P	A	D	C	A	A	A	I	A	A	A	B	A	A	B	A	A	A	D	D	A	A	A	A	A	A	A	A	I	A	A	A	H	A	A	G	A	A	C	A	A	A	A	A	A	C	A	Q	H	B	D	A	A	D	A	A	G	D	O	A	A	A	A	A	A	A	C	G	A	A	A	A	A	A	A	A	A	A	A	A	A	A	A	D	A	A	A	A	C	B	C	A	A	A	A	A	C	A	A	A	A	A	A	A	A	A	B	A	A	A	A	A	A	A	A	C	A	A	Z	A	A	A	A	A	A	A	A	A	A	A	A	A	A	A	A	A	A	A	O	A	A	A	C	A	A	A	A	A	A	A	A	A
LCC1157	A	A	A	H	A	A	D	A	A	K	A	A	A	A	C	A	F	A	A	B	A	A	D	L	A	A	A	A	A	A	A	A	A	A	A	A	A	A	A	I	A	B	A	A	A	A	A	A	H	A	K	A	G	C	G	A	H	H	L	A	N	A	A	A	A	A	A	A	A	S	B	F	A	A	A	C	A	A	D	H	A	A	B	A	A	A	B	K	A	D	A	A	A	A	A	A	A	A	A	A	A	A	A	A	A	A	A	A	A	B	A	A	A	C	A	J	A	M	C	A	A	E	A	L	A	A	A	A	A	A	A	A	G	A	A	A	C	A	I	B	A	A	C	A	F	A	A	D	C	A	A	D	A	A	A
LCC1158																																																			S	A	J	B	B	F	F	A	C	A	J	A	A	A	A	A	A	A	A	G	B	F	A	A	A	A	A	A	A	E	A	A	A	A	A	A	E	E	A	D	A	A	F	A	A	A	A	D	B	A	A	A	A	A	A	A	A	A	A	A	A	A	A	A	A	A	A	A	A	B	G	B	C	A	A	A	A	A	A	A	A	A	A	A	A	A	A	A	A	A	A	A	A	A	A	A	A	A	A	A	A	A	A	A	A
LCC1159	A	H	B	D	A	A	A	A	A	L	K	E	C	C	A	A	A	A	B	A	A	A	F	F	A	A	A	B	B	A	A	A	A	A	A	A	A	A	C	A	A	M	A	A	A	A	A	T	A	A	S	A	E	F	B	A	F	A	B	A	A	A	A	C	D	A	A	A	A	D	D	B	E	B	A	A	A	A	A	D	A	A	A	A	A	C	A	B	A	A	F	A	D	A	A	A	A	A	B	C	A	A	A	A	A	A	A	A	C	A	D	A	A	A	A	C	A	A	A	E	D	E	A	B	B	A	B	A	A	C	A	A	B	A	C	A	B	A	A	A	A	H	A	B	V	A	A	A	A	A	A	A	A	D	A
LCC2001	A	A	N	E	A	A	A	A	A	N	C	D	B	A	B	A	E	A	B	M	A	A	C	A	A	A	A	A	A	A	A	A	A	A	A	A	A	A	A	A	A	A	A	A	A	A	A	A	A	C	V	A	A	C	A	B	A	A	A	A	A	A	A	A	A	A	A	A	A	D	C	A	A	A	A	A	A	A	D	H	A	M	A	A	B	A	A	C	A	A	A	A	A	A	A	A	A	A	D	A	B	A	A	A	A	A	A	A	A	A	A	A	A	A	A	A	A	A	A	E	A	A	A	A	A	A	A	A	A	A	E	A	A	A	A	A	A	A	A	A	A	A	N	A	A	A	A	A	A	A	A	A	A	B	A
LCC2002	A	A	R	G	A	A	A	A	D	D	A	A	A	A	B	F	B	B	C	F	A	A	A	G	A	A	A	A	L	A	A	A	A	A	A	I	A	A	A	A	A	A	A	C	A	A	A	A	A	A	U	B	F	B	A	B	A	A	A	A	A	A	A	A	A	A	A	A	A	C	B	C	F	A	B	A	A	A	D	B	A	D	A	A	A	A	A	A	A	A	A	A	A	A	A	A	D	A	C	A	I	A	A	A	A	A	A	A	A	A	A	A	A	A	A	A	A	B	A	D	A	A	A	B	A	A	A	A	A	C	A	A	A	A	B	A	A	A	A	A	A	A	H	A	B	A	I	A	C	A	A	A	A	A	A
LCC2003	A	A	A	J	A	A	A	A	A	E	A	H	B	A	E	A	C	A	G	C	A	A	C	A	C	A	B	A	A	A	A	B	A	A	A	B	A	A	D	A	A	A	A	A	A	A	A	A	B	A	L	A	D	E	A	A	A	A	A	A	H	A	A	A	D	A	A	A	B	D	G	C	A	A	A	A	A	A	A	W	A	D	A	A	A	C	A	I	A	A	Z	A	M	F	A	A	L	A	D	A	A	A	A	A	A	A	A	C	C	A	K	A	A	A	E	G	O	A	B	I	B	A	A	A	L	A	D	C	A	D	A	M	A	B	A	V	C	H	A	A	A	A	A	C	A	A	A	A	A	A	A	A	A	A	A
LCC2004	Q	A	A	D	A	A	B	A	A	B	F	B	A	A	B	A	A	A	F	C	A	A	C	A	A	A	A	C	A	A	A	A	A	A	A	A	A	A	B	A	A	H	A	A	B	A	A	A	A	A	X	A	B	E	A	A	A	A	A	A	A	A	A	A	A	A	A	A	A	E	E	D	A	A	A	A	A	A	A	B	A	D	A	A	A	A	A	A	A	A	A	A	A	A	A	A	A	A	A	B	A	A	A	A	A	A	A	A	A	B	A	A	A	A	A	A	A	A	A	D	D	A	A	D	A	J	A	A	C	L	A	E	A	G	B	A	A	A	A	A	A	A	A	A	O	A	A	A	A	A	A	A	A	A	A
LCC2005	A	A	B	P	A	A	A	A	A	A	A	A	A	A	B	A	A	A	A	G	A	A	A	A	D	A	A	A	A	Z	A	A	B	A	D	A	A	A	C	A	A	A	A	A	A	C	A	A	A	C	U	A	A	C	F	A	G	A	A	A	L	P	A	A	B	A	A	A	A	B	A	A	A	A	A	A	B	A	C	D	A	A	A	A	A	A	A	A	A	A	A	A	A	A	A	A	A	C	A	A	A	A	A	A	A	A	A	A	A	A	A	A	A	A	A	A	A	A	A	A	D	A	A	A	A	A	A	A	A	A	A	A	A	A	A	A	A	A	A	A	A	A	A	A	A	A	A	G	A	A	A	A	A	A	A
LCC2006	A	A	A	J	U	A	E	A	A	B	A	A	A	A	C	A	A	A	A	I	A	A	F	A	A	A	A	A	A	A	A	A	A	A	A	C	A	A	A	A	A	A	A	A	A	A	A	A	A	A	Z	A	C	D	B	A	P	A	A	A	A	A	A	A	A	A	A	A	A	H	C	J	A	A	B	A	A	A	A	L	A	A	A	A	A	A	A	E	A	A	A	A	A	A	A	A	A	A	B	A	A	A	A	A	A	A	A	A	A	B	A	A	A	B	A	A	A	B	E	A	A	A	A	A	D	A	D	A	E	A	A	A	A	A	A	A	A	A	A	A	A	A	A	A	A	A	A	A	A	A	A	A	A	A	A
LCC2007	D	B	A	F	A	Q	G	F	A	A	K	B	A	A	A	A	A	A	A	A	J	L	H	A	A	A	A	B	A	A	H	A	Z	A	A	A	B	A	A	A	A	D	A	A	A	A	A	A	A	A																																																																																																									
LCC2008	A	B	A	H	A	A	A	A	A	K	G	C	D	A	B	A	F	C	A	K	F	A	A	A	D	A	B	F	N	A	A	A	A	A	A	A	A	A	A	A	A	A	A	V	A	B	A	A	A	Y	B	A	B	U	I	A	A	A	E	A	A	A	A	A	A	A	C	C	A	K	G	Q	G	A	I	A	A	A	J	E	A	A	A	A	A	E	A	A	A	A	K	A	H	B	B	H	B	A	A	A	C	A	A	A	C	A	A	A	A	B	C	A	A	A	A	G	C	A	A	B	A	A	A	A	J	A	G	A	B	A	A	A	A	A	I	A	A	A	A	A	L	A	A	Z	A	A	A	A	A	A	A	A	A	A	A
LCC2010	D	B	A	F	C	A	C	A	B	B	E	A	A	A	B	A	A	D	A	A	A	A	G	A	B	A	A	D	A	A	A	A	K	A	A	A	A	A	B	A	G	E	A	A	A	A	E	A	A	A	H	A	I	D	B	C	J	A	B	A	D	A	A	G	A	C	A	A	A	B	M	B	A	A	A	A	A	B	A	H	B	A	A	A	A	B	A	D	A	B	B	A	B	A	B	A	A	A	A	B	A	A	C	A	M	C	B	C	I	A	F	A	J	A	A	H	C	A	A	M	A	A	A	A	A	A	A	C	A	A	A	D	C	A	A	A	A	A	D	Z	A	A	A	A	A	A	B	D	C	A	A	S	A	A	A
LCC2011	A	A	J	E	D	A	A	A	A	H	F	E	C	A	A	A	A	L	C	A	A	A	C	A	A	A	A	D	A	A	A	B	A	A	A	A	A	Z	A	A	A	L	B	E	A	A	A	A	A	A																																																																																																									
LCC2012	N	A	D	H	A	A	A	A	A	D	A	A	A	A	A	A	B	A	A	C	A	A	A	B	B	A	A	A	A	A	A	A	A	A	A	A	A	A	A	A	A	A	B	A	A	A	A	A	A	A	K	A	B	B	B	B	C	A	F	A	B	A	A	D	A	B	A	A	C	D	B	A	J	A	A	A	A	A	A	C	A	A	A	A	A	A	A	A	C	H	E	A	A	B	E	A	A	A	A	D	A	A	A	A	C	A	C	B	C	A	H	A	C	A	A	D	A	A	B	B	A	E	A	B	A	A	A	B	A	A	A	A	B	A	A	A	U	A	A	A	A	A	L	A	B	A	A	A	A	S	A	A	A	A	A
LCC2013	S	B	A	B	A	A	A	A	A	B	G	A	A	A	A	A	A	O	O	A	A	A	A	A	A	G	A	A	B	F	A	A	A	A	A	A	A	A	A	A	A	C	A	A	A	A	A	A	A	B	J	A	I	M	C	A	G	K	B	A	E	A	A	A	A	A	A	A	G	I	B	Q	A	K	N	Z	A	B	E	F	A	A	A	A	A	D	A	C	A	B	G	A	B	A	E	A	E	A	D	A	A	A	A	A	A	A	A	O	A	A	A	A	A	A	A	A	A	A	B	G	D	E	A	A	A	C	A	A	A	A	A	A	A	A	A	A	A	A	A	D	A	B	A	A	I	A	D	A	E	A	A	A	E	A	A
LCC2014	T	A	E	A	A	E	A	A	A	A	B	A	B	B	A	A	A	B	A	A	A	A	A	A	A	D	A	B	A	A	B	A	A	A	A	A	A	C	A	A	A	A	A	A	A	A	A	A	A	A	P	A	A	B	A	A	A	A	A	F	L	A	A	C	B	A	A	A	A	B	E	B	A	B	A	A	A	B	A	B	A	C	A	B	A	C	A	A	B	A	D	K	B	A	A	A	A	A	A	P	A	A	B	A	A	A	A	A	A	B	A	A	A	A	A	A	A	A	A	O	A	D	A	A	B	A	A	D	A	A	A	A	A	A	C	A	A	A	A	B	A	A	E	A	A	J	A	B	A	A	A	A	A	A	A
LCC2015	B	A	A	I	A	A	A	A	A	K	A	A	A	A	A	D	H	A	A	G	A	A	A	A	A	A	A	A	G	A	A	A	A	A	A	A	A	A	A	A	A	H	A	G	A	A	A	A	D	G	R	A	D	M	A	A	P	I	A	K	T	G	A	A	A	A	A	A	A	C	C	C	A	A	A	A	A	B	E	F	E	A	D	A	A	A	A	I	A	A	J	G	A	A	A	A	A	A	A	A	A	A	A	A	A	A	A	A	A	B	A	A	A	A	A	A	A	B	A	A	A	A	A	A	A	A	A	A	A	A	A	A	A	A	A	A	A	A	C	B	A	C	A	A	B	A	B	A	A	A	A	A	A	A	A
LCC2016	K	O	A	E	B	H	B	A	A	B	A	G	A	A	A	A	A	A	A	A	C	P	D	B	A	A	A	A	A	A	A	A	A	A	A	A	A	A	A	A	E	A	A	A	C	A	A	A	A	A	R	A	T	A	E	A	I	A	F	A	A	A	A	A	A	A	A	A	A	A	A	A	A	A	A	A	A	A	A	A	A	A	A	A	A	A	A	I	A	M	A	A	A	A	A	A	A	C	A	A	A	A	A	A	A	A	A	A	A	A	A	A	A	A	A	A	A	A	A	A	C	A	A	A	A	A	A	A	A	A	A	A	A	A	A	A	A	A	E	A	A	A	A	A	A	A	A	A	A	A	A	A	I	A	B
LCC2017	A	A	A	S	B	A	P	A	A	A	A	A	A	A	A	A	A	A	A	A	A	A	M	A	A	A	A	A	A	A	A	A	A	A	A	A	A	B	A	A	A	A	A	A	A	A	A	A	A	A																																																																																																									
LCC2018	I	A	C	D	A	A	C	A	C	A	H	A	A	A	A	A	A	A	A	A	A	A	A	A	A	A	A	A	A	A	A	E	A	A	A	B	A	A	C	A	A	V	A	A	A	A	A	A	A	A	R	A	I	E	C	B	A	A	C	A	A	A	A	A	A	A	A	B	J	B	A	B	A	A	A	A	A	G	D	D	D	A	A	B	A	A	A	A	A	A	A	A	A	J	A	G	D	A	A	C	A	B	A	A	A	A	A	A	A	A	A	A	A	A	A	Y	A	A	C	F	A	A	A	A	A	A	B	Z	A	A	A	A	A	A	J	A	A	A	A	D	A	A	A	A	A	A	A	A	A	A	Z	A	A	F	A
LCC2019	B	A	A	G	F	A	C	A	A	A	A	A	A	A	A	A	A	A	A	A	A	A	C	A	B	A	A	A	A	B	A	F	A	A	A	Q	A	A	O	A	A	B	A	A	A	A	A	A	A	A																																																																																																									
LCC2020	A	E	J	M	A	A	A	C	A	F	A	A	A	A	A	A	D	K	A	A	G	F	A	B	A	A	A	A	A	A	A	A	A	A	A	A	A	A	A	A	A	A	A	M	H	A	A	A	A	A	H	A	B	A	J	A	R	O	J	A	O	A	A	F	B	A	A	B	C	G	B	A	A	A	A	A	A	D	N	A	A	A	A	A	A	E	A	F	A	K	A	A	A	A	A	A	A	A	A	A	A	A	A	A	A	A	A	A	C	A	B	A	A	A	A	A	A	A	A	A	A	A	A	S	A	A	A	A	A	A	A	A	S	A	A	A	F	A	Z	N	A	A	A	O	A	A	A	D	A	A	A	A	A	A	A
LCC2021	A	A	A	L	A	A	A	A	A	A	A	B	A	A	D	A	A	A	D	J	A	A	A	J	B	A	A	A	A	A	A	A	D	Z	A	A	A	A	A	A	A	A	A	H	A	D	A	A	B	Y	F	A	C	I	A	A	A	A	A	A	A	A	A	A	A	A	A	G	A	E	F	E	A	A	A	A	A	Q	Z	F	G	F	A	A	C	A	A	A	K	A	O	A	B	A	A	T	A	A	A	A	A	B	A	A	A	A	A	A	B	B	A	A	A	A	A	A	A	A	A	Z	A	A	A	B	A	A	A	A	A	M	C	A	A	A	H	A	A	A	A	A	A	A	A	A	A	A	A	A	A	A	A	A	A	A	A
LCC2022	I	D	E	E	B	E	G	A	A	A	N	C	B	B	C	A	A	A	B	A	A	T	B	A	A	A	A	A	A	A	A	A	A	A	A	A	A	C	C	A	A	L	A	A	A	A	A	A	A	A	T	A	A	H	A	D	A	A	A	A	A	A	A	A	A	A	A	C	A	B	A	B	A	A	A	A	A	E	A	A	A	A	A	A	A	A	A	E	A	A	A	A	D	A	A	A	A	A	A	A	A	A	A	B	A	A	A	A	A	C	A	A	A	A	A	A	A	A	A	B	A	A	A	A	H	A	D	A	A	B	A	D	A	B	A	A	A	A	A	A	A	A	A	A	A	A	A	A	A	A	C	A	A	A	A
LCC2023	A	A	A	Q	A	A	A	A	A	B	A	A	A	A	H	A	A	A	A	A	A	A	A	A	B	A	A	A	A	A	A	A	A	A	A	F	A	A	B	A	A	A	A	A	A	A	A	A	A	A	M	A	N	B	L	A	N	A	C	B	C	A	A	A	A	A	A	A	A	E	A	A	A	B	A	A	A	A	A	B	A	A	A	A	A	A	A	A	A	A	A	A	A	A	A	A	A	A	B	A	A	A	A	A	A	A	A	A	A	A	A	A	A	A	A	A	A	A	A	A	H	A	A	A	A	A	A	A	A	A	A	A	A	A	A	A	F	A	B	A	A	A	C	A	B	A	A	A	A	A	A	B	A	A	A
LCC2024	H	D	E	C	A	A	A	A	C	B	C	A	C	A	A	A	C	H	E	A	B	A	A	A	A	A	A	A	A	A	A	A	A	A	F	A	A	A	B	A	A	R	A	F	A	A	A	A	A	A	B	R	A	B	B	B	F	A	B	B	A	A	A	B	P	A	A	C	G	G	D	C	K	A	A	A	A	K	E	B	M	A	A	A	A	A	A	A	B	A	A	A	D	A	A	C	D	A	A	C	B	E	K	A	A	B	Z	A	O	A	A	Q	D	A	A	A	A	A	A	C	A	A	A	B	C	A	B	E	A	B	A	A	A	A	E	H	A	A	A	U	K	A	A	O	A	A	A	A	A	A	A	A	A	A	A
LCC2025	A	A	A	F	A	A	A	A	A	V	A	A	A	A	B	A	A	A	A	I	A	A	A	A	A	A	A	A	A	A	A	A	A	A	A	A	A	A	A	A	A	A	A	H	A	A	A	A	A	A	G	A	G	C	G	A	A	A	J	A	A	A	A	A	A	A	A	E	H	I	A	C	I	A	D	A	C	N	L	E	A	A	A	A	A	Z	A	A	A	B	A	A	A	A	A	C	A	A	A	B	A	A	A	A	A	A	A	A	A	A	A	B	A	A	A	A	A	A	A	G	B	N	A	A	A	C	A	A	A	A	A	W	W	A	B	A	A	A	Y	A	K	A	A	A	A	A	A	A	A	A	A	A	A	A	A
LCC2026	A	E	D	H	A	A	A	A	B	A	A	C	D	A	B	A	A	A	A	A	A	A	A	A	C	A	B	A	B	A	A	Z	B	A	A	A	A	U	C	A	A	V	A	D	A	A	A	A	A	A	N	E	B	E	A	E	R	A	A	F	F	A	A	B	F	A	A	A	G	I	Z	C	A	A	A	A	A	B	B	A	A	A	A	A	A	A	A	A	A	A	A	A	H	A	A	A	G	A	A	C	A	C	A	A	A	A	B	A	F	C	A	A	A	A	Z	A	A	A	A	B	A	A	A	A	D	C	A	B	A	A	A	A	A	F	G	A	A	A	A	P	A	C	A	A	F	A	A	B	A	A	G	A	A	A	A
LCC2027	T	K	A	B	A	G	A	A	A	A	B	A	A	A	B	A	A	G	B	A	A	G	A	A	A	A	A	A	A	A	B	A	A	A	A	A	A	A	A	A	A	A	A	A	A	A	A	A	A	A	Q	C	C	F	B	C	K	A	A	A	N	A	B	A	A	A	A	A	A	J	B	D	A	A	B	A	A	A	A	D	A	A	A	A	B	A	A	B	A	A	A	A	C	A	A	A	B	A	B	A	A	A	A	A	A	A	A	A	A	A	A	A	A	C	A	A	A	A	C	C	D	A	A	A	A	A	A	A	H	A	E	A	A	A	D	A	A	A	A	A	A	A	J	A	C	A	A	A	A	A	A	A	A	D	A
LCC2028	A	N	A	H	I	D	D	A	A	A	A	A	A	A	A	A	B	Q	A	A	A	U	D	A	B	A	Z	A	A	A	E	A	A	A	A	C	A	A	A	A	D	A	A	A	A	A	A	A	A	A	J	A	E	B	B	A	K	O	B	A	J	A	A	C	J	A	A	D	U	K	G	B	A	A	B	A	C	Q	A	L	A	C	M	A	A	A	A	C	A	A	G	L	E	G	A	A	A	A	B	C	C	B	A	B	A	A	A	A	A	B	A	A	A	A	E	A	A	A	A	B	A	G	A	A	A	A	A	A	A	A	A	A	A	G	F	A	A	A	A	F	A	A	A	A	A	A	A	A	A	A	A	A	A	A	A
LCC2029	F	N	D	K	A	A	A	A	A	B	A	B	A	A	A	A	C	A	A	A	A	A	F	A	B	A	A	A	A	B	A	A	A	A	I	B	A	A	A	A	A	A	A	A	B	A	A	A	A	A	H	K	A	E	A	E	I	A	A	A	A	A	A	A	A	A	A	C	A	B	B	G	A	A	A	A	A	C	H	K	A	A	A	A	A	A	A	D	A	A	A	A	A	A	A	A	A	A	A	A	A	A	A	A	A	A	A	A	A	C	A	A	A	A	A	A	A	A	A	A	A	A	B	D	A	A	A	A	A	E	A	A	A	A	A	A	A	A	A	A	D	A	A	A	C	A	A	A	A	A	A	I	A	A	A
LCC2030	A	A	C	J	A	A	A	A	A	A	B	A	L	A	B	A	A	F	A	A	A	A	A	A	A	A	A	A	B	A	A	A	A	A	A	A	A	A	H	A	G	U	A	A	A	A	A	A	A	A	O	A	C	H	B	A	A	A	A	A	A	A	A	A	A	G	A	D	A	G	C	F	A	A	A	A	A	G	D	E	A	I	A	A	B	A	A	A	A	A	A	A	A	A	A	C	A	A	A	D	A	B	A	A	B	A	A	A	A	B	A	A	A	A	A	P	A	B	A	A	B	A	N	F	B	A	A	A	A	A	A	A	A	A	O	A	A	A	A	B	A	A	A	A	A	A	A	A	A	A	A	A	A	C	A
LCC2031	A	A	A	V	A	A	A	A	A	A	A	A	A	A	B	A	A	A	A	A	A	A	B	A	D	A	A	A	A	A	A	G	A	A	A	A	A	A	A	A	A	A	A	A	B	A	A	A	A	A	M	B	A	G	A	A	M	A	A	B	F	D	A	A	E	I	A	A	A	C	A	H	D	A	A	A	A	A	A	F	A	A	A	A	A	A	A	D	H	A	H	A	F	D	A	A	B	A	B	B	A	A	A	A	A	A	A	A	A	A	E	A	A	A	A	C	A	E	A	A	A	A	A	A	E	A	A	C	C	A	A	A	A	B	B	A	B	J	A	A	A	A	E	A	Z	A	A	B	B	E	A	A	A	G	D
LCC2032	O	A	A	F	A	A	D	A	A	A	C	A	A	A	B	A	A	F	A	G	B	J	A	F	A	A	A	A	A	A	A	A	A	A	A	A	A	A	A	A	A	D	A	A	A	A	A	A	A	A	A	A	D	U	D	A	A	A	A	A	A	A	A	A	A	A	A	A	A	M	E	D	A	A	G	A	A	B	A	D	A	H	A	F	A	A	A	A	A	A	A	A	B	A	A	U	A	A	A	A	A	A	A	A	A	A	A	A	A	B	A	A	A	A	A	A	A	A	B	F	E	A	A	Z	C	Z	A	A	A	N	A	A	A	D	S	A	A	A	F	A	A	A	A	A	A	A	A	A	A	A	A	A	A	A	A
LCC2033	H	A	E	C	A	O	A	A	A	B	J	D	C	A	C	A	A	K	W	A	A	A	A	A	A	A	A	B	A	A	A	A	A	A	A	A	A	A	A	A	A	L	A	A	A	A	A	B	B	A	X	A	A	B	A	A	A	A	A	A	A	A	A	A	A	A	A	A	A	D	A	A	A	A	A	A	A	A	A	D	A	H	A	A	A	A	A	A	A	A	A	A	C	A	A	A	A	A	A	F	A	A	A	A	A	A	A	A	A	B	A	A	A	A	A	A	A	A	A	E	B	F	B	G	B	G	A	A	A	A	A	A	A	A	A	A	A	K	A	A	A	A	A	A	A	A	A	A	A	A	A	A	A	A	A
LCC2034	L	A	C	D	B	A	A	A	C	B	G	C	C	E	A	A	A	A	A	A	A	A	A	A	A	A	A	B	A	A	J	D	D	B	A	A	B	A	B	F	A	A	F	A	A	A	A	Z	A	A	F	B	A	D	A	A	H	I	A	E	B	C	A	C	A	A	A	A	B	B	C	A	A	B	B	L	A	A	A	A	A	A	A	A	A	B	A	A	A	A	G	A	A	G	F	A	E	A	A	A	A	A	B	A	F	A	A	A	F	A	E	A	D	A	C	B	B	A	B	A	A	A	A	A	A	B	A	F	A	A	A	A	A	A	A	C	A	A	A	B	A	A	A	A	A	G	A	B	C	A	E	V	A	A	A
LCC2035	A	A	A	K	A	A	B	A	A	A	A	A	A	A	B	U	A	A	A	K	A	A	F	A	F	A	A	A	A	A	A	A	J	A	A	A	A	A	A	A	A	A	A	A	A	A	A	A	A	A																																																																																																									
LCC2036	I	F	S	F	A	F	A	A	A	C	G	C	C	P	A	A	C	E	A	A	D	A	B	B	A	A	A	E	A	A	A	A	A	A	A	A	A	A	A	S	A	A	C	A	A	A	A	A	A	A	J	A	D	F	R	A	M	A	H	A	A	A	A	A	A	A	A	A	A	N	F	C	A	A	C	A	B	A	B	T	A	A	A	A	B	A	A	D	A	H	A	A	A	A	A	A	H	Z	A	A	A	A	A	A	A	A	A	A	A	D	A	F	A	B	A	A	A	B	A	A	A	B	C	A	A	A	A	A	A	A	A	A	A	A	A	A	A	A	A	A	A	A	A	A	A	A	A	A	A	A	A	A	A	A	A
LCC2037	C	A	A	G	A	A	A	A	A	D	A	A	B	A	A	B	E	A	C	B	D	G	B	E	A	A	A	A	B	A	A	A	B	A	A	A	A	A	A	A	A	L	A	B	A	A	A	A	A	A	Q	A	U	B	D	A	I	B	D	E	C	A	A	A	A	A	A	A	A	G	B	E	A	A	A	A	A	A	A	I	A	A	B	A	A	A	C	E	D	N	A	A	A	A	A	A	A	A	B	A	A	A	A	A	A	A	A	A	A	A	A	A	A	B	A	A	A	F	S	A	D	A	A	A	A	A	A	A	A	A	A	A	D	A	A	A	A	A	A	A	A	C	A	A	C	B	A	A	A	A	A	A	A	A	A
LCC2038	H	F	A	D	C	J	B	F	A	A	A	B	L	A	A	A	A	H	A	A	A	D	A	A	A	A	A	A	A	A	A	B	A	A	A	A	C	A	A	A	A	A	A	A	A	A	A	A	A	A	E	A	A	C	B	Z	B	A	A	A	E	R	A	A	A	A	A	A	A	L	A	C	A	A	D	G	C	A	A	B	A	A	A	A	A	A	A	A	A	A	A	A	A	A	A	A	D	A	D	A	D	A	A	A	A	A	A	A	A	B	A	A	A	A	A	A	A	A	A	A	A	A	I	A	A	A	B	A	G	A	K	A	A	A	A	A	A	A	A	A	A	A	C	A	A	A	A	A	A	A	A	A	A	A	A
LCC2039	H	A	A	C	A	E	B	C	E	A	B	A	A	A	A	A	A	B	A	A	A	C	A	A	A	D	A	A	A	K	B	A	D	A	C	B	A	B	G	H	A	M	A	A	A	A	A	B	A	A	N	B	A	B	D	A	K	A	B	A	A	A	A	B	A	A	A	A	A	F	A	C	B	A	A	A	A	A	A	B	A	A	A	A	A	A	A	A	A	A	B	A	A	A	A	A	A	A	A	A	A	A	A	A	A	A	A	A	A	A	A	A	A	A	A	A	A	A	C	D	C	J	A	E	A	A	A	A	A	A	A	A	H	A	A	A	H	B	C	A	A	A	A	A	A	A	A	A	A	A	A	A	A	A	A
LCC2040	A	A	C	I	A	A	C	A	A	J	H	A	C	A	C	E	C	C	A	B	A	F	C	A	B	A	A	A	C	A	A	A	A	A	A	A	A	A	A	A	A	H	A	B	A	A	A	A	A	A	D	A	A	B	A	A	F	A	A	A	A	A	A	F	A	F	B	B	I	B	T	C	B	A	B	A	A	C	A	D	C	A	A	E	A	B	A	A	A	A	H	A	C	E	B	A	M	A	D	G	B	A	A	C	P	B	D	A	A	A	B	A	H	A	A	D	C	A	C	D	A	B	A	A	C	H	B	A	A	I	A	A	A	A	B	A	A	A	A	A	M	A	A	A	A	A	A	A	A	A	E	A	A	D	A
LCC2041	K	A	A	D	B	A	A	A	B	A	A	I	A	A	A	A	A	C	C	A	A	J	B	A	E	A	A	A	A	A	A	A	A	A	A	A	A	A	H	A	A	N	A	A	A	A	A	A	A	A	W	E	A	B	A	A	O	A	A	A	F	A	A	A	A	A	A	A	A	D	B	B	A	A	A	A	A	A	A	B	A	A	B	A	A	A	A	C	A	A	A	A	C	A	A	A	A	A	A	A	A	A	A	A	A	A	A	A	A	A	A	A	A	A	A	E	A	A	A	A	A	A	A	A	A	A	A	A	A	A	A	A	A	C	A	A	A	C	A	A	A	C	B	A	A	B	A	A	A	A	A	A	A	E	I
LCC2042	B	A	A	Q	A	A	D	A	E	A	A	A	A	A	C	A	A	A	A	A	A	A	D	A	C	A	A	A	A	B	A	A	J	A	A	J	A	A	A	A	A	A	A	A	A	A	A	A	A	A	I	A	Z	A	I	A	J	A	Z	A	A	A	A	A	B	A	A	D	A	C	B	A	A	A	A	A	A	X	D	F	A	A	A	A	A	A	A	A	A	M	A	A	A	A	A	A	A	A	A	A	A	A	A	A	A	A	A	A	A	A	A	A	A	A	A	A	A	C	A	A	A	A	A	A	A	A	A	A	A	A	A	A	A	A	A	A	A	A	A	A	A	A	A	A	A	A	A	A	A	A	A	A	A	A	A
LCC2043	C	B	A	L	B	A	A	A	K	A	B	A	A	A	A	A	A	A	A	A	A	A	A	A	H	A	A	A	A	A	A	A	A	A	B	B	A	A	A	A	A	A	A	A	A	A	A	C	A	A	J	A	B	F	A	A	A	A	A	A	A	A	C	A	A	A	A	A	A	C	K	B	A	A	A	A	H	A	A	A	A	E	A	A	H	A	A	A	A	A	A	A	A	A	A	A	A	A	A	A	D	A	A	A	A	A	A	A	A	A	A	A	A	A	A	A	A	A	A	A	A	A	A	A	A	A	A	A	A	A	B	A	A	A	A	A	A	A	A	A	A	A	A	A	A	A	A	A	A	A	A	A	A	A	A
LCC2044	A	A	C	B	A	A	A	A	B	W	A	J	A	A	A	A	B	A	A	F	J	A	A	A	A	A	C	A	A	A	A	C	A	A	A	A	A	A	A	A	A	A	A	H	C	A	A	A	A	O	A	A	A	U	J	A	A	A	A	A	A	A	A	A	A	A	A	B	B	J	J	M	A	A	I	A	A	A	A	F	A	A	A	B	C	A	A	A	V	A	A	A	H	F	A	F	B	A	A	A	A	B	A	A	A	A	A	A	A	Z	A	A	A	A	A	A	A	A	A	U	H	A	A	A	F	M	B	A	F	H	Z	C	A	A	Z	A	A	A	A	D	G	A	A	A	A	A	A	A	A	A	A	A	A	A	A
LCC2045	D	A	A	F	B	A	A	A	A	A	A	A	A	A	D	A	A	A	Y	A	A	A	A	A	C	A	A	A	A	A	A	B	E	A	A	B	A	A	A	A	Z	A	A	A	A	A	A	A	A	A	R	A	A	C	A	I	J	A	B	A	O	A	A	A	D	A	A	A	A	I	C	B	A	A	A	A	A	A	A	B	A	A	A	A	A	A	A	H	A	A	A	A	G	A	A	A	A	A	A	A	A	A	A	A	A	B	A	A	A	A	A	A	A	A	A	A	A	A	A	B	B	A	A	E	A	F	A	A	A	A	A	A	L	A	A	A	A	A	A	A	A	A	E	A	T	A	A	A	A	A	A	A	A	B	A
LCC2046	A	H	A	P	A	A	L	A	A	C	A	A	A	A	B	C	B	A	A	A	L	A	A	A	C	A	A	A	B	A	B	A	A	A	A	A	A	A	A	A	A	A	A	B	A	A	A	A	A	D																																																																																																									
LCC2047	H	A	A	H	A	A	D	A	A	A	G	A	B	A	A	A	B	I	R	E	A	A	D	A	A	A	A	A	A	A	A	A	A	A	A	A	B	B	A	A	A	I	A	A	A	A	A	I	A	A	U	B	B	F	A	B	O	A	A	A	F	A	A	C	C	A	A	A	A	B	I	A	A	A	C	A	A	A	A	A	A	B	A	A	A	A	A	A	A	A	C	K	A	B	B	A	A	A	A	A	A	A	A	A	A	A	A	A	A	C	A	A	A	A	B	B	A	E	A	A	A	A	A	A	A	A	A	A	A	A	A	A	A	A	A	A	A	A	A	C	A	A	J	A	E	H	A	B	A	A	A	A	A	A	A
LCC2048	A	A	B	N	A	A	A	A	C	I	A	A	A	A	B	A	A	A	A	D	A	A	K	A	B	A	A	A	C	A	A	A	A	A	A	A	A	A	A	A	A	A	A	B	A	A	A	A	A	A	P	A	F	B	B	A	I	A	B	K	A	A	A	I	F	A	D	A	A	D	C	B	A	A	A	A	A	C	C	D	A	A	I	A	A	E	A	A	A	A	T	M	A	A	A	A	A	A	A	A	A	A	A	A	B	A	A	A	B	A	G	A	A	A	A	A	A	C	A	E	A	E	A	C	A	A	E	A	A	A	A	A	A	E	A	D	A	A	A	C	C	A	A	A	A	A	R	Z	H	A	A	A	A	A	A
LCC2049	A	A	A	O	A	A	A	A	A	B	A	A	A	A	D	A	A	A	A	B	A	A	F	A	A	A	A	A	A	A	A	A	A	A	A	A	B	A	A	A	A	Q	A	A	A	A	Z	A	A	A																																																																																																									
LCC2050	B	K	A	H	A	A	A	A	A	E	A	A	A	A	A	A	A	A	A	Z	N	A	A	C	A	A	A	A	A	A	A	A	A	S	A	A	A	A	A	A	A	A	A	A	A	A	A	A	G	W																																																																																																									
LCC2051	F	F	B	F	C	I	C	A	A	A	J	C	A	A	A	B	C	E	B	A	A	M	K	A	A	B	A	C	H	A	B	A	A	A	A	A	F	A	F	A	B	H	A	A	B	A	A	A	A	A	G	A	C	D	A	Q	C	A	A	A	B	B	A	A	A	A	A	A	A	D	B	A	A	A	A	A	M	A	A	D	A	C	A	A	A	A	A	D	A	A	A	A	A	A	A	A	A	A	B	A	B	A	A	A	A	A	A	A	A	A	A	A	A	A	A	A	A	A	B	B	A	A	B	A	A	A	A	A	J	A	A	A	A	A	A	A	A	A	A	A	A	G	A	A	A	B	A	A	A	A	A	A	A	A	A
LCC2052	J	M	A	F	A	A	A	A	A	B	A	A	A	A	B	A	A	B	A	B	A	A	Z	A	A	A	A	C	A	A	A	A	A	A	A	B	A	A	A	A	A	A	A	D	A	A	A	A	A	B																																																																																																									
LCC2053	A	K	A	N	A	A	C	A	B	A	A	A	A	A	C	A	A	A	A	B	A	A	D	B	D	A	A	A	A	C	A	D	F	A	D	A	A	A	A	U	A	A	A	A	A	C	A	A	D	A	U	A	B	A	A	A	A	A	A	A	A	A	A	A	A	A	A	C	A	A	B	A	A	A	A	A	A	J	I	K	A	S	A	A	B	A	A	A	A	A	A	A	A	A	A	C	A	A	A	A	D	A	A	A	A	A	A	A	A	B	A	E	A	A	A	A	A	A	A	A	A	I	A	A	A	D	A	A	A	A	A	A	A	A	A	A	A	A	A	A	A	A	A	A	A	A	A	A	A	A	A	A	A	A	A
LCC2054	A	F	E	K	A	A	B	A	A	J	B	B	A	A	A	A	B	H	A	B	A	A	A	C	A	A	B	A	D	A	C	A	A	A	A	A	A	B	A	A	A	F	A	A	A	A	A	A	A	A	O	A	H	J	B	A	O	A	B	A	A	A	A	A	G	A	A	A	A	D	G	C	O	A	A	A	A	F	B	J	A	A	A	A	A	E	A	F	I	A	A	A	E	H	A	A	A	A	A	A	A	A	F	A	A	A	A	A	F	B	A	A	A	A	A	I	A	A	A	A	C	A	A	A	A	G	A	A	A	C	A	A	A	A	B	A	B	A	A	A	D	A	C	A	C	A	A	A	C	A	A	A	D	A	C
LCC2055	D	A	A	H	A	A	A	A	B	C	A	F	A	A	C	A	A	A	A	D	B	G	A	A	B	A	A	A	A	A	A	V	A	A	A	B	A	A	J	A	G	A	A	D	A	D	A	A	A	A	N	A	B	C	A	D	I	A	A	A	F	A	A	A	R	A	A	A	A	E	E	A	F	A	B	A	A	B	A	A	A	A	A	A	A	A	A	F	A	A	A	A	D	C	A	A	F	A	A	F	B	A	A	A	A	D	A	A	A	A	E	A	A	A	A	G	A	D	A	B	A	A	A	A	B	A	A	A	A	A	B	A	A	A	A	A	B	A	A	A	A	C	A	A	P	A	V	A	A	A	A	A	A	B	A
LCC2056	P	A	B	C	A	A	A	A	A	D	A	A	A	A	A	A	A	A	A	G	A	A	D	A	B	A	A	A	E	A	A	B	A	F	A	A	A	C	A	A	A	B	A	A	A	A	A	A	A	L	A	A	B	W	I	B	A	A	A	A	A	A	A	A	A	A	A	W	B	B	B	A	A	A	A	A	A	A	A	B	A	A	A	B	A	A	A	A	A	A	A	A	B	A	A	D	A	X	A	A	A	A	A	A	A	A	A	A	A	Q	A	A	A	A	A	A	A	A	A	B	B	A	A	A	A	A	A	A	A	A	A	A	A	A	A	A	A	A	H	A	E	A	A	A	A	A	A	A	A	A	A	A	A	A	A
LCC2057	A	A	D	J	A	A	B	A	A	E	G	A	A	A	C	A	A	I	A	A	A	A	A	A	A	A	A	C	A	A	A	A	A	A	A	C	A	E	B	A	A	K	A	A	A	A	A	A	A	A	K	A	A	J	B	B	A	A	B	A	A	A	A	A	A	A	A	O	A	D	C	F	C	A	D	A	A	C	G	E	A	A	A	A	A	B	A	A	A	A	C	A	A	A	A	G	A	A	A	D	B	A	A	A	A	A	A	A	A	C	A	A	A	A	A	A	C	F	G	D	A	A	A	C	F	A	B	A	A	A	A	G	A	C	F	A	A	A	A	A	B	A	A	P	A	A	A	A	A	A	B	A	A	A	A
LCC2058	A	L	A	N	A	A	E	A	B	B	E	B	A	A	E	A	A	V	A	B	A	A	A	A	A	A	B	A	I	A	A	F	A	B	A	B	A	A	B	A	A	A	A	A	A	H	D	A	A	A	A	A	A	A	J	A	A	A	A	A	A	A	B	A	A	A	A	A	A	A	B	A	A	A	A	A	O	A	A	A	A	A	A	A	A	A	A	A	A	A	A	A	A	A	A	A	A	A	A	A	A	A	A	A	A	A	A	A	A	A	A	A	A	A	A	A	A	S	A	A	Z	A	A	A	A	A	A	A	A	A	A	A	A	A	A	A	A	A	A	A	A	A	A	A	A	A	A	A	A	A	A	A	A	A	A
LCC2059	A	M	A	B	A	A	A	A	H	D	A	A	A	A	A	A	G	A	A	I	A	A	A	J	B	V	C	A	G	F	A	J	C	D	G	A	A	B	A	A	A	A	A	A	A	A	A	A	A	A	F	A	G	A	G	A	A	A	D	A	A	A	C	A	A	A	A	F	E	E	B	L	B	A	A	A	A	K	Y	H	A	C	A	A	D	G	A	I	A	A	W	A	A	A	A	I	A	A	H	A	D	A	A	A	A	A	A	A	A	A	A	A	A	A	A	A	A	A	C	A	A	C	A	M	H	A	A	A	A	A	A	A	A	A	T	A	A	A	A	A	A	A	A	A	A	A	A	A	A	A	A	A	A	A	A
LCC2060	I	A	A	H	C	A	J	A	A	B	A	A	A	A	B	A	A	E	A	P	A	A	A	A	A	A	A	A	A	A	A	A	A	C	A	A	A	A	A	A	C	A	A	A	A	A	A	A	A	A	O	A	C	B	A	A	A	A	A	A	A	A	A	B	A	A	G	B	H	H	C	B	A	C	A	A	A	D	D	E	A	A	A	A	A	C	A	A	Q	A	A	A	A	J	Z	A	A	A	Z	E	A	A	R	Z	A	Z	A	D	J	B	G	A	A	A	A	Q	A	A	A	C	B	A	A	A	H	C	J	A	A	E	A	A	A	A	B	A	A	A	K	I	L	K	A	A	A	A	A	A	A	A	A	A	A	C	A
LCC2061	A	A	A	R	A	A	A	A	A	A	A	A	A	A	F	A	A	A	A	K	A	A	A	A	A	A	A	A	A	A	A	A	A	A	A	A	A	A	A	A	A	A	A	A	A	A	A	A	A	A	R	A	E	D	B	A	J	A	B	A	D	A	A	F	I	A	A	A	D	G	E	B	C	A	A	A	A	A	A	J	A	A	F	A	A	A	A	F	A	A	B	Z	A	C	A	A	A	A	A	B	A	A	A	C	D	A	A	A	G	D	G	A	A	A	J	M	A	A	A	A	A	M	A	A	A	M	A	A	A	A	A	A	A	A	A	A	A	A	A	A	C	A	C	A	A	A	A	A	A	A	A	A	A	A	A
LCC2062	G	D	D	I	F	F	C	N	A	A	B	A	A	C	A	A	A	A	A	A	C	B	A	A	A	C	A	D	A	A	Z	A	A	A	A	A	A	A	A	A	A	B	A	A	A	A	A	A	A	A	J	A	A	A	B	A	I	A	C	A	H	A	C	A	A	A	A	A	A	H	A	E	A	A	A	A	A	A	A	F	A	H	A	A	F	A	A	H	A	A	A	A	B	A	A	A	A	A	C	A	C	A	A	A	A	A	A	A	A	B	A	A	A	A	A	A	A	Z	A	A	H	Q	H	D	A	A	A	A	A	A	A	A	A	A	A	A	A	G	A	A	A	A	O	A	A	A	A	G	A	A	A	A	A	A	A
LCC2063	C	M	C	F	A	A	F	A	A	G	B	B	A	A	B	G	G	A	A	A	S	H	F	B	A	A	A	D	A	A	A	A	A	A	A	A	A	A	A	A	A	A	A	A	A	A	A	T	A	A	G	A	E	A	D	A	A	A	L	B	C	A	A	A	A	A	A	A	A	I	A	A	A	A	A	A	A	A	A	A	A	A	A	A	A	A	A	F	A	G	A	B	A	A	A	A	A	D	A	A	A	A	A	A	Q	A	A	A	I	A	B	A	A	A	A	A	A	A	A	A	B	A	A	H	A	A	A	A	A	A	A	H	F	A	A	A	R	A	U	A	A	A	A	A	B	A	A	H	A	A	A	O	A	A	A
LCC2064	A	A	A	R	H	A	A	A	B	A	A	A	A	A	A	A	A	A	A	A	A	A	E	A	A	A	A	A	A	A	A	D	A	A	A	C	A	A	C	A	F	C	A	A	A	A	A	A	A	A	L	I	B	G	C	D	H	A	B	A	G	A	A	B	R	A	A	A	A	F	B	J	R	A	A	A	A	A	C	A	D	B	A	A	A	B	A	B	A	A	A	A	H	D	A	A	J	A	I	A	A	A	A	B	A	A	A	A	A	F	A	A	A	A	A	B	A	D	B	A	B	F	A	A	Q	A	A	A	B	A	A	A	A	D	A	A	A	A	A	A	A	A	A	A	A	A	A	A	A	A	A	A	A	A	E
LCC2065	Z	A	F	B	A	A	A	A	A	A	A	A	D	A	A	A	A	F	B	A	A	A	A	A	A	A	A	A	A	A	A	A	A	A	A	A	A	A	A	A	A	A	A	A	A	A	A	A	A	A	T	A	A	B	D	A	A	A	A	A	K	A	B	A	A	A	A	A	A	D	B	E	A	A	A	A	C	A	A	D	A	A	A	A	B	A	A	D	A	A	A	C	A	A	A	A	A	A	C	B	A	A	A	A	A	A	A	A	A	D	A	A	A	A	A	A	A	B	B	A	E	G	A	N	D	A	A	A	B	A	A	A	A	A	A	A	A	A	A	A	A	A	A	A	A	A	A	A	A	A	A	A	A	A	A
LCC2066	U	B	A	B	B	I	B	A	A	A	B	A	A	F	A	A	A	C	A	A	A	E	B	A	A	B	A	D	A	B	A	A	A	A	A	A	A	A	A	A	A	D	A	A	A	A	A	A	A	A	P	E	A	D	A	A	I	A	A	A	K	C	B	A	A	A	A	A	A	I	G	G	A	A	A	A	D	A	A	D	A	A	A	A	B	A	A	A	N	A	A	A	B	A	A	A	E	A	F	A	A	A	A	A	A	A	A	A	A	C	A	A	A	A	B	C	A	A	A	A	A	A	A	A	D	A	A	A	C	A	A	A	A	A	E	B	A	A	A	A	A	A	C	A	L	A	A	A	A	A	A	A	A	A	A
LCC2067	A	F	B	D	Z	A	A	A	A	A	A	A	A	A	C	A	A	A	B	A	A	A	A	A	A	A	A	A	A	A	A	A	A	A	A	A	A	A	J	A	A	A	A	A	X	A	A	A	A	A	G	A	D	A	L	A	D	A	I	A	H	A	A	A	M	E	E	B	M	G	G	A	A	A	A	A	A	H	K	R	A	A	D	A	A	I	K	K	A	I	G	A	M	H	A	B	A	D	A	A	A	A	A	A	A	A	A	Z	M	B	A	A	A	B	A	M	A	A	E	A	C	A	A	O	A	A	A	A	A	A	A	K	B	A	A	E	A	A	A	A	G	A	A	I	B	A	A	A	B	O	A	A	A	A	A
LCC2068	F	E	C	H	A	C	C	A	B	E	B	A	A	D	A	D	B	A	A	D	B	J	D	A	A	A	A	A	B	A	F	A	A	A	A	A	A	A	A	A	A	E	A	A	A	A	A	A	A	A	O	B	B	A	B	A	L	A	A	G	I	A	A	A	A	A	A	A	A	H	A	A	A	A	A	A	A	A	A	I	A	A	C	A	A	A	A	K	A	A	A	A	A	A	A	A	A	A	B	A	A	A	A	A	A	A	A	A	A	B	A	A	A	A	A	A	A	A	A	A	A	A	A	I	A	A	A	A	A	E	A	A	A	A	A	A	A	A	B	A	A	A	V	A	T	A	A	J	A	A	A	A	A	A	A
LCC2069	K	A	A	E	A	A	D	A	B	A	I	B	A	A	A	A	A	A	A	C	A	A	D	A	A	A	A	B	A	A	A	A	C	A	A	O	A	A	E	A	A	A	B	A	A	C	A	M	A	A	Z	A	A	B	A	A	A	A	A	A	A	A	A	A	A	A	A	A	A	B	A	B	A	A	A	A	A	A	A	A	A	B	A	A	A	A	A	A	A	A	A	A	A	B	A	A	B	A	A	C	A	A	A	A	A	A	A	A	A	C	A	A	A	A	A	B	A	A	A	C	A	D	A	A	A	A	A	A	B	A	A	C	A	A	C	A	A	G	A	A	A	I	A	A	H	A	A	A	E	A	A	A	A	A	A
LCC2070	O	B	A	H	A	C	B	D	A	A	E	A	A	A	A	A	A	B	A	A	B	K	C	A	A	A	A	E	A	A	A	A	A	A	A	A	A	A	C	A	A	H	A	A	B	A	A	J	A	A	N	A	C	G	D	A	A	A	A	A	B	A	A	A	Z	A	A	A	B	O	K	H	A	A	A	A	A	B	A	D	C	A	B	C	A	D	A	A	I	A	A	A	C	J	A	A	Z	A	D	E	B	E	G	A	A	A	E	A	D	D	F	A	A	A	A	H	A	A	H	D	D	A	A	A	H	A	B	A	F	B	A	K	A	A	F	A	A	A	A	I	N	A	B	A	A	A	A	A	A	A	L	I	A	A	A
LCC2071	Y	A	B	A	A	G	A	A	A	A	C	A	A	B	A	A	A	A	A	A	B	A	A	A	A	A	A	E	A	A	A	A	A	A	A	A	A	E	A	A	A	B	B	A	A	A	A	A	A	A	Q	A	B	G	C	A	A	A	A	A	A	B	A	B	A	B	F	B	A	J	D	C	A	A	A	A	A	C	I	A	A	H	A	A	A	A	A	A	A	A	F	A	A	A	A	C	A	A	B	A	A	A	A	A	A	A	A	A	A	A	A	A	A	A	A	A	A	A	B	P	B	A	A	F	A	A	A	A	A	A	A	A	A	A	B	A	A	A	A	A	A	A	A	A	A	A	A	A	A	A	A	A	A	A	A
LCC2072	A	A	A	I	A	A	A	A	A	C	A	E	B	A	A	A	B	A	A	K	A	A	A	N	A	A	A	P	G	B	A	A	A	A	A	B	A	A	A	A	K	A	A	H	A	E	A	A	A	A	H	A	A	G	D	D	K	A	A	A	F	A	C	A	A	A	A	A	A	N	C	Z	F	A	D	A	A	A	L	C	A	A	A	A	B	A	A	B	D	A	A	A	C	A	A	A	F	A	J	A	F	A	A	A	A	A	A	A	A	A	A	A	A	C	A	B	A	L	E	C	B	A	Z	A	W	A	A	A	A	L	A	A	A	A	R	A	A	A	A	A	A	A	D	A	A	A	B	A	A	P	A	A	C	Z	D
LCC2073	J	K	G	D	A	B	B	A	A	D	D	B	B	A	C	C	A	I	A	A	A	A	A	A	A	A	A	D	A	A	A	A	A	C	A	A	A	A	A	A	A	A	A	A	A	A	A	A	A	A	N	A	E	N	B	A	R	A	A	A	A	A	A	D	A	A	A	C	P	H	H	E	Y	A	A	A	B	C	G	L	A	B	A	A	A	A	A	J	E	A	K	A	B	A	A	D	A	A	A	I	C	A	C	H	A	A	A	A	C	C	A	A	A	A	A	A	A	A	C	C	A	A	A	A	B	D	A	A	D	A	A	A	B	A	B	A	C	A	A	A	B	A	A	A	A	U	A	A	A	A	E	A	A	A	A
LCC2074	A	C	D	C	A	A	A	A	C	C	A	B	A	A	E	A	A	B	C	B	A	A	A	O	A	A	A	A	A	A	A	I	D	H	A	A	A	A	D	A	A	G	A	A	B	A	A	C	G	A	W	A	B	C	A	D	K	A	A	A	A	A	A	B	E	A	A	A	E	D	B	E	C	A	A	A	A	C	A	E	A	B	A	A	A	A	A	B	A	A	A	A	A	B	A	A	D	A	C	A	A	A	A	A	A	A	A	A	A	C	A	A	A	A	A	A	A	A	A	D	A	A	A	A	D	A	A	A	C	C	A	A	A	A	C	A	A	A	A	B	A	H	A	A	A	A	A	A	A	B	A	A	A	A	A
LCC2075	A	A	C	E	A	A	A	A	A	Z	A	A	A	A	B	A	A	A	A	A	A	A	A	A	A	A	A	A	E	A	A	A	A	G	A	A	A	A	A	A	A	A	A	E	A	A	A	A	A	C	S	A	G	C	A	A	A	A	A	A	A	Z	C	A	H	A	A	A	A	M	B	D	A	A	B	A	A	A	A	E	A	A	A	A	A	A	A	E	A	A	B	A	A	A	A	A	D	A	B	E	A	A	A	A	A	A	A	A	A	C	D	A	A	A	A	A	A	A	D	E	B	A	A	A	C	B	E	A	A	A	A	A	A	A	B	A	A	A	A	A	A	A	A	A	A	A	J	A	A	A	A	A	A	A	A
